DATE,EUR,USD,CHF
1/4/2010,4.2265,2.9401,2.8419
1/5/2010,4.2077,2.9186,2.8345
1/6/2010,4.162,2.8987,2.8051
1/7/2010,4.1721,2.9089,2.8158
1/8/2010,4.1679,2.9143,2.8134
1/11/2010,4.1383,2.8489,2.804
1/12/2010,4.1355,2.8511,2.802
1/13/2010,4.1215,2.8388,2.7884
1/14/2010,4.1286,2.8454,2.7892
1/15/2010,4.1167,2.8609,2.7872
1/18/2010,4.1008,2.8513,2.7806
1/19/2010,4.1097,2.8687,2.7818
1/20/2010,4.1196,2.9043,2.7912
1/21/2010,4.144,2.9528,2.8151
1/22/2010,4.1382,2.9255,2.8151
1/25/2010,4.1252,2.9079,2.8028
1/26/2010,4.1319,2.9309,2.8088
1/27/2010,4.1179,2.9273,2.7979
1/28/2010,4.1318,2.9502,2.8051
1/29/2010,4.122,2.9509,2.8101
2/1/2010,4.0805,2.9358,2.7719
2/2/2010,4.0877,2.9331,2.7768
2/3/2010,4.0964,2.9257,2.7811
2/4/2010,4.1214,2.9749,2.8048
2/5/2010,4.1397,3.0228,2.8189
2/8/2010,4.1325,3.016,2.816
2/9/2010,4.1298,3.0108,2.8161
2/10/2010,4.1142,2.9817,2.8048
2/11/2010,4.1071,2.9849,2.7998
2/12/2010,4.127,3.0431,2.8173
2/15/2010,4.1173,3.0235,2.8082
2/16/2010,4.1137,3.0128,2.8059
2/17/2010,4.1196,2.9975,2.8072
2/18/2010,4.1287,3.0389,2.8164
2/19/2010,4.1357,3.0647,2.8222
2/22/2010,4.1252,3.0303,2.8165
2/23/2010,4.1224,3.0306,2.8116
2/24/2010,4.1269,3.0443,2.8184
2/25/2010,4.1255,3.0558,2.8192
2/26/2010,4.1073,3.0151,2.8069
3/1/2010,4.1054,3.0163,2.8046
3/2/2010,4.1092,3.0406,2.8088
3/3/2010,4.1049,3.012,2.8061
3/4/2010,4.0929,2.9914,2.7966
3/5/2010,4.0923,3.0119,2.7971
3/8/2010,4.0939,3.0007,2.7976
3/9/2010,4.1007,3.021,2.8035
3/10/2010,4.0981,3.0163,2.8014
3/11/2010,4.0987,3.0013,2.8053
3/12/2010,4.0929,2.9703,2.804
3/15/2010,4.0898,2.9819,2.8125
3/16/2010,4.0908,2.9895,2.8176
3/17/2010,4.0821,2.9597,2.8138
3/18/2010,4.0801,2.9817,2.8178
3/19/2010,4.0824,3.0084,2.8477
3/22/2010,4.0888,3.023,2.8473
3/23/2010,4.0736,3.0144,2.845
3/24/2010,4.0716,3.0469,2.8511
3/25/2010,4.0653,3.0453,2.8475
3/26/2010,4.0682,3.041,2.8437
3/29/2010,4.0704,3.0204,2.8434
3/30/2010,4.0729,3.0233,2.8449
3/31/2010,4.0958,3.0422,2.8665
4/1/2010,4.1094,3.044,2.8908
4/2/2010,4.1034,3.0292,2.8648
4/6/2010,4.0967,3.055,2.8601
4/7/2010,4.0908,3.0567,2.8562
4/8/2010,4.1128,3.0897,2.8712
4/9/2010,4.1308,3.0845,2.8799
4/12/2010,4.1305,3.0361,2.8639
4/13/2010,4.1425,3.0528,2.8828
4/14/2010,4.1355,3.0306,2.8774
4/15/2010,4.1397,3.0598,2.8876
4/16/2010,4.1429,3.0576,2.8901
4/19/2010,4.1597,3.0961,2.8994
4/20/2010,4.1484,3.0707,2.893
4/21/2010,4.1347,3.0777,2.885
4/22/2010,4.1411,3.1021,2.8901
4/23/2010,4.1285,3.0969,2.879
4/26/2010,4.1186,3.0963,2.8724
4/27/2010,4.1246,3.096,2.8717
4/28/2010,4.143,3.1416,2.892
4/29/2010,4.138,3.1211,2.884
4/30/2010,4.1276,3.0973,2.8776
5/3/2010,4.1275,3.1178,2.8805
5/4/2010,4.1352,3.1491,2.8865
5/5/2010,4.1492,3.1975,2.8963
5/6/2010,4.1833,3.2759,2.9412
5/7/2010,4.1874,3.2851,2.9588
5/10/2010,4.1641,3.1976,2.9208
5/11/2010,4.1756,3.2894,2.9634
5/12/2010,4.1751,3.2901,2.9646
5/13/2010,4.1785,3.3209,2.9814
5/14/2010,4.1814,3.3633,2.9853
5/17/2010,4.1878,3.4018,2.9902
5/18/2010,4.1949,3.3819,2.9932
5/19/2010,4.1997,3.4451,2.999
5/20/2010,4.1998,3.3942,2.9539
5/21/2010,4.195,3.3549,2.9147
5/25/2010,4.1838,3.426,2.9327
5/26/2010,4.1724,3.3867,2.9366
5/27/2010,4.1532,3.384,2.9309
5/28/2010,4.1623,3.3541,2.9175
5/31/2010,4.1792,3.3984,2.9379
6/1/2010,4.191,3.4544,2.9528
6/2/2010,4.1835,3.4116,2.9579
6/3/2010,4.1864,3.4072,2.9598
6/4/2010,4.2051,3.4499,2.9917
6/7/2010,4.218,3.5243,3.0293
6/8/2010,4.2311,3.5496,3.0646
6/9/2010,4.22,3.5274,3.0654
6/10/2010,4.2208,3.4961,3.0594
6/11/2010,4.2163,3.4775,3.0442
6/14/2010,4.2234,3.446,3.0344
6/15/2010,4.2322,3.4556,3.0259
6/16/2010,4.2254,3.435,3.0371
6/17/2010,4.2372,3.4196,3.0725
6/18/2010,4.2448,3.4299,3.0889
6/21/2010,4.2254,3.4096,3.0734
6/22/2010,4.2274,3.4432,3.1026
6/23/2010,4.2234,3.4369,3.1051
6/24/2010,4.2311,3.4437,3.1186
6/25/2010,4.2808,3.4911,3.1662
6/28/2010,4.3257,3.4996,3.2218
6/29/2010,4.3523,3.5697,3.2793
6/30/2010,4.3688,3.5617,3.2958
7/1/2010,4.3537,3.542,3.3089
7/2/2010,4.3048,3.4414,3.2303
7/5/2010,4.2613,3.4001,3.2005
7/6/2010,4.2393,3.3687,3.1713
7/7/2010,4.232,3.3653,3.1771
7/8/2010,4.2285,3.3414,3.172
7/9/2010,4.2375,3.3485,3.1719
7/12/2010,4.2471,3.3805,3.1675
7/13/2010,4.258,3.3845,3.1913
7/14/2010,4.2596,3.3519,3.1682
7/15/2010,4.2594,3.3306,3.1763
7/16/2010,4.2628,3.2839,3.1535
7/19/2010,4.274,3.2983,3.1333
7/20/2010,4.2698,3.3017,3.1335
7/21/2010,4.2685,3.3279,3.1636
7/22/2010,4.2664,3.3275,3.1903
7/23/2010,4.2642,3.2943,3.16
7/26/2010,4.2571,3.3003,3.1352
7/27/2010,4.2476,3.2728,3.0926
7/28/2010,4.2531,3.2714,3.0875
7/29/2010,4.2529,3.2522,3.1056
7/30/2010,4.2471,3.2679,3.1376
8/2/2010,4.2463,3.2483,3.1069
8/3/2010,4.2371,3.1996,3.0876
8/4/2010,4.2527,3.2228,3.0925
8/5/2010,4.2547,3.223,3.0817
8/6/2010,4.2467,3.2224,3.076
8/9/2010,4.2297,3.1847,3.0658
8/10/2010,4.234,3.217,3.0563
8/11/2010,4.2404,3.2555,3.0864
8/12/2010,4.2347,3.302,3.1277
8/13/2010,4.2327,3.2953,3.1327
8/16/2010,4.2303,3.3035,3.1751
8/17/2010,4.2356,3.2876,3.1574
8/18/2010,4.2385,3.2839,3.1561
8/19/2010,4.2283,3.2974,3.1709
8/20/2010,4.2304,3.3228,3.2096
8/23/2010,4.2244,3.3298,3.217
8/24/2010,4.2396,3.3584,3.2199
8/25/2010,4.2368,3.3452,3.2511
8/26/2010,4.246,3.3407,3.2493
8/27/2010,4.2447,3.3381,3.2616
8/30/2010,4.2326,3.328,3.2348
8/31/2010,4.2597,3.3582,3.2958
9/1/2010,4.2636,3.3335,3.2901
9/2/2010,4.2616,3.3203,3.2821
9/3/2010,4.2796,3.3328,3.2808
9/6/2010,4.2762,3.3168,3.2685
9/7/2010,4.2915,3.3625,3.3202
9/8/2010,4.2872,3.3791,3.3504
9/9/2010,4.2821,3.3684,3.3178
9/10/2010,4.2723,3.3569,3.2787
9/13/2010,4.263,3.3288,3.2834
9/14/2010,4.2478,3.3086,3.2971
9/15/2010,4.2394,3.2687,3.2574
9/16/2010,4.2463,3.2476,3.2384
9/17/2010,4.2523,3.2369,3.1858
9/20/2010,4.2668,3.2588,3.2441
9/21/2010,4.267,3.248,3.2377
9/22/2010,4.2511,3.1777,3.2079
9/23/2010,4.2687,3.199,3.2378
9/24/2010,4.2455,3.1644,3.2236
9/27/2010,4.2465,3.1588,3.2049
9/28/2010,4.2648,3.165,3.214
9/29/2010,4.2719,3.1416,3.2087
9/30/2010,4.2674,3.1254,3.2068
10/1/2010,4.2672,3.1061,3.1725
10/4/2010,4.2815,3.1287,3.2172
10/5/2010,4.2798,3.1066,3.2126
10/6/2010,4.2718,3.0803,3.1914
10/7/2010,4.2694,3.0577,3.1889
10/8/2010,4.2682,3.0689,3.1726
10/11/2010,4.2675,3.0605,3.1771
10/12/2010,4.2737,3.0913,3.1986
10/13/2010,4.2779,3.057,3.1945
10/14/2010,4.2765,3.0367,3.1949
10/15/2010,4.2779,3.0372,3.178
10/18/2010,4.2807,3.0791,3.2002
10/19/2010,4.294,3.0817,3.214
10/20/2010,4.3084,3.1135,3.227
10/21/2010,4.3126,3.0794,3.1965
10/22/2010,4.3083,3.0954,3.1776
10/25/2010,4.2727,3.0431,3.1385
10/26/2010,4.2744,3.0661,3.1527
10/27/2010,4.2819,3.0934,3.1292
10/28/2010,4.2643,3.0814,3.1253
10/29/2010,4.2664,3.0904,3.1233
11/1/2010,4.2771,3.0629,3.1046
11/2/2010,4.2848,3.0676,3.1186
11/3/2010,4.292,3.0543,3.1225
11/4/2010,4.2967,3.0187,3.1156
11/5/2010,4.2931,3.0403,3.1744
11/8/2010,4.287,3.0821,3.1874
11/9/2010,4.2862,3.0778,3.2056
11/10/2010,4.2774,3.1086,3.2016
11/11/2010,4.2839,3.1166,3.2151
11/12/2010,4.2883,3.1208,3.2055
11/15/2010,4.2974,3.157,3.2112
11/16/2010,4.2912,3.1555,3.2037
11/17/2010,4.295,3.1782,3.2
11/18/2010,4.296,3.1523,3.1872
11/19/2010,4.2972,3.1312,3.1673
11/22/2010,4.2957,3.1274,3.1634
11/23/2010,4.3082,3.1716,3.2114
11/24/2010,4.3079,3.2368,3.2454
11/25/2010,4.2996,3.2299,3.2324
11/26/2010,4.3137,3.2581,3.2516
11/29/2010,4.2956,3.2536,3.2509
11/30/2010,4.2842,3.2861,3.2891
12/2/2010,4.2923,3.2559,3.2577
12/3/2010,4.2997,3.2435,3.2677
12/6/2010,4.311,3.2515,3.3094
12/7/2010,4.3006,3.2179,3.2921
12/8/2010,4.2998,3.2466,3.2902
12/9/2010,4.3005,3.2535,3.2935
12/10/2010,4.2997,3.2448,3.3063
12/13/2010,4.2929,3.2468,3.3092
12/14/2010,4.2892,3.186,3.311
12/15/2010,4.2878,3.2263,3.3502
12/16/2010,4.2953,3.2441,3.3443
12/17/2010,4.2899,3.2208,3.3584
12/20/2010,4.2897,3.2589,3.3721
12/21/2010,4.2901,3.2617,3.3955
12/22/2010,4.2849,3.2615,3.4245
12/23/2010,4.2855,3.2734,3.4316
12/24/2010,4.2881,3.2675,3.3987
12/27/2010,4.2878,3.257,3.3827
12/28/2010,4.2871,3.2364,3.4212
12/29/2010,4.2914,3.2719,3.4379
12/30/2010,4.2877,3.2355,3.445
12/31/2010,4.2848,3.2045,3.4211
1/3/2011,4.2698,3.2056,3.4242
1/4/2011,4.2677,3.187,3.3751
1/5/2011,4.2705,3.2265,3.3887
1/6/2011,4.2621,3.2548,3.3541
1/7/2011,4.258,3.2779,3.4049
1/10/2011,4.2643,3.3053,3.4205
1/11/2011,4.2581,3.2934,3.3957
1/12/2011,4.2523,3.2744,3.3699
1/13/2011,4.2564,3.235,3.327
1/14/2011,4.2669,3.1906,3.3046
1/17/2011,4.2578,3.2032,3.3162
1/18/2011,4.2553,3.1777,3.3068
1/19/2011,4.2626,3.1656,3.3024
1/20/2011,4.2671,3.1623,3.3118
1/21/2011,4.2651,3.1514,3.2703
1/24/2011,4.2684,3.1437,3.2816
1/25/2011,4.2621,3.1359,3.3061
1/26/2011,4.2619,3.1116,3.2902
1/27/2011,4.2675,3.1079,3.2973
1/28/2011,4.2571,3.1008,3.28
1/31/2011,4.2549,3.1182,3.3041
2/1/2011,4.2577,3.0994,3.293
2/2/2011,4.2564,3.0755,3.2877
2/3/2011,4.2609,3.0921,3.2776
2/4/2011,4.2632,3.1285,3.2976
2/7/2011,4.2485,3.13,3.2639
2/8/2011,4.2536,3.113,3.2646
2/9/2011,4.2568,3.123,3.2367
2/10/2011,4.26,3.1223,3.2448
2/11/2011,4.2649,3.1572,3.2407
2/14/2011,4.249,3.1566,3.2439
2/15/2011,4.2496,3.1427,3.2399
2/16/2011,4.2584,3.1476,3.2573
2/17/2011,4.2509,3.1322,3.2752
2/18/2011,4.2493,3.1336,3.2942
2/21/2011,4.2412,3.0985,3.2699
2/22/2011,4.235,3.1067,3.2966
2/23/2011,4.2261,3.08,3.2829
2/24/2011,4.2331,3.071,3.3115
2/25/2011,4.2139,3.058,3.2912
2/28/2011,4.215,3.0489,3.2862
3/1/2011,4.2108,3.043,3.2719
3/2/2011,4.2051,3.0406,3.2852
3/3/2011,4.2016,3.0297,3.2735
3/4/2011,4.2127,3.0163,3.2434
3/7/2011,4.2065,3.0001,3.2433
3/8/2011,4.1869,3.0071,3.2247
3/9/2011,4.1902,3.0185,3.2371
3/10/2011,4.1932,3.029,3.2468
3/11/2011,4.2048,3.0556,3.268
3/14/2011,4.1843,2.9947,3.2268
3/15/2011,4.1865,3.0183,3.2736
3/16/2011,4.1816,3.0019,3.2734
3/17/2011,4.1788,2.9807,3.3136
3/18/2011,4.1683,2.9553,3.2737
3/21/2011,4.1685,2.9428,3.2484
3/22/2011,4.1439,2.9093,3.2223
3/23/2011,4.126,2.9049,3.2287
3/24/2011,4.102,2.9046,3.1917
3/25/2011,4.0881,2.8876,3.1609
3/28/2011,4.1065,2.9223,3.1805
3/29/2011,4.1276,2.9245,3.1848
3/30/2011,4.0984,2.9118,3.1597
3/31/2011,4.1141,2.8931,3.1597
4/1/2011,4.1367,2.9217,3.1683
4/4/2011,4.1333,2.9079,3.1481
4/5/2011,4.1147,2.9001,3.1444
4/6/2011,4.1035,2.8681,3.1255
4/7/2011,4.1089,2.8784,3.1367
4/8/2011,4.1146,2.856,3.1303
4/11/2011,4.1084,2.8412,3.1266
4/12/2011,4.1152,2.8468,3.1569
4/13/2011,4.114,2.838,3.1594
4/14/2011,4.1021,2.8447,3.1799
4/15/2011,4.0966,2.8331,3.1733
4/18/2011,4.0869,2.8522,3.1832
4/19/2011,4.091,2.8656,3.1897
4/20/2011,4.0858,2.8186,3.151
4/21/2011,4.0906,2.7942,3.1667
4/22/2011,4.0815,2.8026,3.1647
4/26/2011,4.0735,2.7862,3.1768
4/27/2011,4.0767,2.7788,3.1744
4/28/2011,4.076,2.7449,3.147
4/29/2011,4.0744,2.7408,3.1594
5/2/2011,4.086,2.7527,3.1748
5/3/2011,4.1073,2.7775,3.2112
5/4/2011,4.1127,2.7652,3.2107
5/5/2011,4.1065,2.7655,3.2199
5/6/2011,4.1208,2.8347,3.2484
5/9/2011,4.1039,2.8495,3.2509
5/10/2011,4.0885,2.8504,3.2492
5/11/2011,4.0842,2.8356,3.2216
5/12/2011,4.0997,2.8978,3.2645
5/13/2011,4.106,2.872,3.2487
5/16/2011,4.1054,2.9093,3.275
5/17/2011,4.1051,2.8905,3.2642
5/18/2011,4.1184,2.8909,3.2812
5/19/2011,4.1254,2.8965,3.2789
5/20/2011,4.1091,2.8746,3.2648
5/23/2011,4.1263,2.9476,3.3371
5/24/2011,4.1233,2.9224,3.3188
5/25/2011,4.129,2.934,3.3492
5/26/2011,4.1333,2.9189,3.3499
5/27/2011,4.1315,2.9064,3.3923
5/30/2011,4.1207,2.8845,3.394
5/31/2011,4.1208,2.8571,3.358
6/1/2011,4.1297,2.8646,3.3777
6/2/2011,4.1342,2.8639,3.3969
6/3/2011,4.1298,2.8509,3.3899
6/6/2011,4.1344,2.8286,3.3765
6/7/2011,4.1544,2.8319,3.3965
6/8/2011,4.1719,2.8435,3.4016
6/9/2011,4.172,2.8537,3.3992
6/10/2011,4.1566,2.8701,3.4086
6/14/2011,4.1732,2.8888,3.4432
6/15/2011,4.1756,2.9168,3.4364
6/16/2011,4.2088,2.982,3.505
6/17/2011,4.2291,2.9734,3.5099
6/20/2011,4.2635,2.9978,3.5396
6/21/2011,4.241,2.9601,3.5066
6/22/2011,4.2517,2.9596,3.5134
6/23/2011,4.2294,2.9694,3.5299
6/24/2011,4.216,2.9523,3.5362
6/27/2011,4.2192,2.9718,3.5598
6/28/2011,4.2115,2.9491,3.5331
6/29/2011,4.2157,2.9274,3.5185
6/30/2011,4.2341,2.9259,3.5066
7/1/2011,4.2419,2.926,3.4561
7/4/2011,4.2217,2.9073,3.4246
7/5/2011,4.1817,2.8875,3.4229
7/6/2011,4.2022,2.9283,3.4759
7/7/2011,4.2087,2.9426,3.4923
7/8/2011,4.2037,2.951,3.4792
7/11/2011,4.2272,2.9921,3.5742
7/12/2011,4.2838,3.0794,3.6921
7/13/2011,4.2748,3.0323,3.6506
7/14/2011,4.2778,3.0119,3.6941
7/15/2011,4.2717,3.0133,3.6855
7/18/2011,4.2685,3.0368,3.7187
7/19/2011,4.256,3.0012,3.66
7/20/2011,4.243,2.9869,3.6341
7/21/2011,4.2454,2.9953,3.6443
7/22/2011,4.2233,2.9328,3.5721
7/25/2011,4.2527,2.9547,3.6764
7/26/2011,4.25,2.9369,3.6603
7/27/2011,4.2323,2.9227,3.6518
7/28/2011,4.2445,2.9631,3.7033
7/29/2011,4.2403,2.9682,3.7057
8/1/2011,4.2246,2.9249,3.711
8/2/2011,4.2356,2.9864,3.8269
8/3/2011,4.2342,2.9573,3.8064
8/4/2011,4.2236,2.9716,3.8171
8/5/2011,4.2419,3.0005,3.913
8/8/2011,4.2442,2.9768,3.9173
8/9/2011,4.267,2.9892,4.0221
8/10/2011,4.262,2.9629,4.0865
8/11/2011,4.2855,3.0177,4.0898
8/12/2011,4.2784,3.0057,3.8926
8/16/2011,4.2706,2.9673,3.7993
8/17/2011,4.2609,2.9524,3.7516
8/18/2011,4.2567,2.9544,3.7245
8/19/2011,4.2669,2.9796,3.7683
8/22/2011,4.2611,2.9567,3.7592
8/23/2011,4.2579,2.9394,3.7335
8/24/2011,4.2488,2.9385,3.721
8/25/2011,4.2525,2.9489,3.7167
8/26/2011,4.2449,2.9402,3.7049
8/29/2011,4.2402,2.924,3.591
8/30/2011,4.2219,2.9272,3.5729
8/31/2011,4.2228,2.9244,3.6035
9/1/2011,4.2306,2.96,3.7059
9/2/2011,4.2418,2.9764,3.8156
9/5/2011,4.2429,3.0025,3.8133
9/6/2011,4.251,2.9992,3.5344
9/7/2011,4.2353,3.0156,3.5114
9/8/2011,4.2457,3.0177,3.4961
9/9/2011,4.2657,3.0863,3.5087
9/12/2011,4.2805,3.1396,3.5518
9/13/2011,4.2822,3.1451,3.5589
9/14/2011,4.2886,3.1346,3.5631
9/15/2011,4.294,3.1127,3.5565
9/16/2011,4.271,3.0917,3.5401
9/19/2011,4.2792,3.1337,3.5463
9/20/2011,4.2843,3.1253,3.5512
9/21/2011,4.2902,3.1368,3.513
9/22/2011,4.3081,3.1978,3.5035
9/23/2011,4.3072,3.1886,3.528
9/26/2011,4.2984,3.197,3.5165
9/27/2011,4.3112,3.1897,3.5317
9/28/2011,4.321,3.1672,3.5396
9/29/2011,4.3218,3.163,3.5388
9/30/2011,4.3533,3.2195,3.5703
10/3/2011,4.3222,3.2369,3.5575
10/4/2011,4.3159,3.2674,3.5519
10/5/2011,4.3144,3.2451,3.5199
10/6/2011,4.3128,3.2263,3.49
10/7/2011,4.3146,3.2149,3.4875
10/10/2011,4.3053,3.1738,3.4771
10/11/2011,4.3312,3.1853,3.5015
10/12/2011,4.3217,3.133,3.4919
10/13/2011,4.3148,3.1455,3.4979
10/14/2011,4.3233,3.1324,3.4956
10/17/2011,4.3329,3.13,3.5042
10/18/2011,4.3529,3.1818,3.528
10/19/2011,4.3346,3.1301,3.489
10/20/2011,4.3308,3.1371,3.5015
10/21/2011,4.3295,3.144,3.5226
10/24/2011,4.323,3.1181,3.5195
10/25/2011,4.3246,3.1057,3.5324
10/26/2011,4.3274,3.1035,3.5475
10/27/2011,4.3288,3.0897,3.532
10/28/2011,4.315,3.0423,3.5239
10/31/2011,4.3243,3.0889,3.5448
11/1/2011,4.3435,3.1712,3.5645
11/2/2011,4.346,3.1542,3.5698
11/3/2011,4.3585,3.1626,3.588
11/4/2011,4.3497,3.143,3.5615
11/7/2011,4.354,3.1716,3.5239
11/8/2011,4.3537,3.1617,3.5214
11/9/2011,4.3534,3.1855,3.5333
11/10/2011,4.353,3.2084,3.5382
11/11/2011,4.3479,3.1903,3.5164
11/14/2011,4.3448,3.1707,3.5127
11/15/2011,4.3487,3.2116,3.5046
11/16/2011,4.3565,3.23,3.5228
11/17/2011,4.3564,3.2348,3.5079
11/18/2011,4.3598,3.2255,3.5263
11/21/2011,4.3608,3.2425,3.523
11/22/2011,4.3588,3.2215,3.5278
11/23/2011,4.3577,3.2557,3.541
11/24/2011,4.3525,3.2548,3.5425
11/25/2011,4.362,3.2926,3.5554
11/28/2011,4.3587,3.2569,3.5452
11/29/2011,4.3498,3.2429,3.5386
11/30/2011,4.3539,3.2764,3.5474
12/2/2011,4.3535,3.2278,3.519
12/5/2011,4.353,3.2363,3.517
12/6/2011,4.3534,3.2486,3.5166
12/7/2011,4.3505,3.2504,3.5037
12/8/2011,4.3429,3.2421,3.5105
12/9/2011,4.3397,3.2452,3.5136
12/12/2011,4.3409,3.269,3.519
12/13/2011,4.3497,3.2955,3.5233
12/14/2011,4.3415,3.3345,3.5212
12/15/2011,4.3422,3.3423,3.5382
12/16/2011,4.3409,3.3308,3.5484
12/19/2011,4.3146,3.3127,3.5396
12/20/2011,4.3125,3.2953,3.5419
12/21/2011,4.3045,3.2787,3.5289
12/22/2011,4.3011,3.2943,3.518
12/23/2011,4.2912,3.2837,3.5073
12/27/2011,4.2972,3.2861,3.5181
12/28/2011,4.2875,3.2798,3.5136
12/29/2011,4.298,3.3335,3.5271
12/30/2011,4.3197,3.3393,3.5528
1/4/2012,4.3219,3.3208,3.5456
1/5/2012,4.3398,3.3796,3.5629
1/6/2012,4.3434,3.3958,3.5656
1/9/2012,4.3532,3.4096,3.5811
1/10/2012,4.3625,3.4071,3.5953
1/11/2012,4.3627,3.419,3.5963
1/12/2012,4.3446,3.4074,3.5864
1/13/2012,4.3322,3.3884,3.5796
1/16/2012,4.3347,3.4245,3.5854
1/17/2012,4.327,3.3847,3.5775
1/18/2012,4.3497,3.3892,3.5964
1/19/2012,4.3452,3.3699,3.5978
1/20/2012,4.3473,3.3663,3.5994
1/23/2012,4.3463,3.3507,3.5996
1/24/2012,4.3424,3.3395,3.5999
1/25/2012,4.3467,3.3521,3.5963
1/26/2012,4.3396,3.2991,3.5957
1/27/2012,4.3394,3.3024,3.593
1/30/2012,4.334,3.302,3.595
1/31/2012,4.3433,3.2919,3.6044
2/1/2012,4.3447,3.3102,3.6072
2/2/2012,4.347,3.3053,3.6061
2/3/2012,4.3467,3.2988,3.6071
2/6/2012,4.342,3.3295,3.5979
2/7/2012,4.3483,3.3088,3.5982
2/8/2012,4.354,3.2812,3.5955
2/9/2012,4.3554,3.2813,3.5983
2/10/2012,4.3529,3.2831,3.5986
2/13/2012,4.3477,3.2778,3.5952
2/14/2012,4.3473,3.2908,3.5989
2/15/2012,4.3467,3.3047,3.6008
2/16/2012,4.3497,3.3457,3.6039
2/17/2012,4.3533,3.31,3.6039
2/20/2012,4.3535,3.2903,3.6031
2/21/2012,4.355,3.2903,3.6074
2/22/2012,4.3602,3.2954,3.612
2/23/2012,4.3557,3.2714,3.6133
2/24/2012,4.3535,3.2524,3.6127
2/27/2012,4.3525,3.2468,3.6116
2/28/2012,4.348,3.236,3.6087
2/29/2012,4.3486,3.2357,3.608
3/1/2012,4.3488,3.2651,3.6088
3/2/2012,4.3493,3.2843,3.6074
3/5/2012,4.3514,3.2983,3.6084
3/6/2012,4.3537,3.3126,3.6105
3/7/2012,4.3558,3.3114,3.6131
3/8/2012,4.3553,3.2926,3.6124
3/9/2012,4.3545,3.2918,3.6123
3/12/2012,4.3558,3.323,3.6118
3/13/2012,4.3575,3.3234,3.6147
3/14/2012,4.3608,3.3375,3.6025
3/15/2012,4.3672,3.3478,3.6063
3/16/2012,4.3783,3.3544,3.6258
3/19/2012,4.3794,3.3267,3.6309
3/20/2012,4.378,3.3159,3.63
3/21/2012,4.3754,3.3001,3.6286
3/22/2012,4.3718,3.321,3.6262
3/23/2012,4.3712,3.298,3.6265
3/26/2012,4.3691,3.3048,3.6258
3/27/2012,4.3688,3.2694,3.6218
3/28/2012,4.3737,3.275,3.6268
3/29/2012,4.3788,3.2985,3.6333
3/30/2012,4.3791,3.2805,3.6346
4/2/2012,4.3786,3.28,3.6354
4/3/2012,4.378,3.2785,3.6373
4/4/2012,4.3742,3.3211,3.6325
4/5/2012,4.373,3.3467,3.6426
4/6/2012,4.3711,3.3463,3.6367
4/9/2012,4.3683,3.3411,3.6363
4/10/2012,4.3696,3.3394,3.6329
4/11/2012,4.3746,3.3376,3.6409
4/12/2012,4.3741,3.3335,3.638
4/13/2012,4.3733,3.3249,3.6394
4/17/2012,4.3746,3.3287,3.6403
4/18/2012,4.3778,3.3454,3.6415
4/19/2012,4.3748,3.3308,3.6408
4/20/2012,4.3745,3.3217,3.6401
4/23/2012,4.3792,3.3307,3.6443
4/24/2012,4.3791,3.3261,3.6458
4/25/2012,4.3778,3.3131,3.6435
4/26/2012,4.3757,3.3084,3.6414
4/27/2012,4.3747,3.3074,3.6416
4/30/2012,4.397,3.324,3.6593
5/2/2012,4.4168,3.3594,3.6756
5/3/2012,4.4078,3.3551,3.669
5/4/2012,4.4044,3.3525,3.6659
5/7/2012,4.4053,3.3821,3.6673
5/8/2012,4.4032,3.385,3.6667
5/9/2012,4.416,3.4031,3.6765
5/10/2012,4.4165,3.4141,3.6769
5/11/2012,4.4265,3.4209,3.6861
5/14/2012,4.4373,3.4479,3.6951
5/15/2012,4.4411,3.4576,3.6971
5/16/2012,4.4463,3.4987,3.702
5/17/2012,4.4435,3.495,3.6998
5/18/2012,4.4421,3.4981,3.6997
5/21/2012,4.4408,3.4767,3.6976
5/22/2012,4.4452,3.4817,3.7012
5/23/2012,4.4587,3.5272,3.7133
5/24/2012,4.4662,3.5538,3.7195
5/25/2012,4.4646,3.5492,3.7154
5/28/2012,4.4641,3.5473,3.7134
5/29/2012,4.4639,3.5607,3.7148
5/30/2012,4.4616,3.5864,3.7147
5/31/2012,4.4652,3.5939,3.7159
6/1/2012,4.4648,3.6231,3.7179
6/5/2012,4.4646,3.5918,3.7179
6/6/2012,4.4642,3.5691,3.7182
6/7/2012,4.4625,3.5455,3.7152
6/8/2012,4.461,3.5734,3.7143
6/11/2012,4.4594,3.5451,3.7131
6/12/2012,4.4587,3.5628,3.7128
6/13/2012,4.4593,3.5568,3.7122
6/14/2012,4.4595,3.553,3.7142
6/15/2012,4.4576,3.5304,3.7117
6/18/2012,4.464,3.5342,3.7169
6/19/2012,4.4626,3.5387,3.7154
6/20/2012,4.463,3.5146,3.7161
6/21/2012,4.4635,3.5202,3.7163
6/22/2012,4.4655,3.559,3.7183
6/25/2012,4.4654,3.5766,3.7188
6/26/2012,4.4652,3.5723,3.7181
6/27/2012,4.4441,3.5573,3.7011
6/28/2012,4.4508,3.581,3.7059
6/29/2012,4.4494,3.536,3.7024
7/2/2012,4.4496,3.5208,3.7044
7/3/2012,4.4505,3.5347,3.7043
7/4/2012,4.4715,3.5542,3.7236
7/5/2012,4.4796,3.5827,3.7279
7/6/2012,4.5142,3.648,3.7582
7/9/2012,4.5275,3.6848,3.7691
7/10/2012,4.5206,3.6675,3.764
7/11/2012,4.5237,3.6842,3.7663
7/12/2012,4.5252,3.7031,3.7685
7/13/2012,4.5495,3.7274,3.7883
7/16/2012,4.5571,3.7399,3.7944
7/17/2012,4.5651,3.7113,3.8009
7/18/2012,4.5647,3.7309,3.8009
7/19/2012,4.5638,3.7128,3.8002
7/20/2012,4.5848,3.7438,3.8173
7/23/2012,4.6009,3.7999,3.8314
7/24/2012,4.6397,3.8343,3.863
7/25/2012,4.6186,3.804,3.8455
7/26/2012,4.6205,3.8098,3.8474
7/27/2012,4.6118,3.7575,3.8401
7/30/2012,4.5558,3.7086,3.793
7/31/2012,4.5694,3.7242,3.804
8/1/2012,4.5885,3.7285,3.821
8/2/2012,4.6097,3.7528,3.8355
8/3/2012,4.6481,3.7972,3.8695
8/6/2012,4.574,3.6997,3.8077
8/7/2012,4.5378,3.6582,3.7771
8/8/2012,4.5364,3.6714,3.7777
8/9/2012,4.5362,3.6745,3.7767
8/10/2012,4.5396,3.6984,3.78
8/13/2012,4.5307,3.679,3.7723
8/14/2012,4.5186,3.6569,3.7625
8/16/2012,4.4924,3.6611,3.7405
8/17/2012,4.4852,3.625,3.7344
8/20/2012,4.4939,3.6404,3.7413
8/21/2012,4.4987,3.6255,3.7469
8/22/2012,4.4885,3.5999,3.737
8/23/2012,4.487,3.5729,3.7362
8/24/2012,4.4819,3.5739,3.7323
8/27/2012,4.4667,3.5675,3.719
8/28/2012,4.4571,3.5515,3.7113
8/29/2012,4.4665,3.5573,3.7194
8/30/2012,4.4617,3.5544,3.7155
8/31/2012,4.4595,3.5484,3.7136
9/3/2012,4.4898,3.5728,3.7389
9/4/2012,4.4907,3.5635,3.7391
9/5/2012,4.494,3.5837,3.7402
9/6/2012,4.4816,3.5536,3.7203
9/7/2012,4.4741,3.5287,3.6879
9/10/2012,4.4792,3.5049,3.7011
9/11/2012,4.4834,3.5031,3.712
9/12/2012,4.4881,3.4728,3.7115
9/13/2012,4.5073,3.4882,3.7164
9/14/2012,4.5042,3.4514,3.7009
9/17/2012,4.4975,3.4302,3.6984
9/18/2012,4.5026,3.448,3.717
9/19/2012,4.5037,3.4604,3.7253
9/20/2012,4.5092,3.4843,3.7322
9/21/2012,4.5125,3.4642,3.727
9/24/2012,4.5176,3.4977,3.7363
9/25/2012,4.5144,3.4999,3.7326
9/26/2012,4.5168,3.5079,3.7358
9/27/2012,4.514,3.5131,3.736
9/28/2012,4.5331,3.5029,3.7478
10/1/2012,4.5178,3.4999,3.736
10/2/2012,4.522,3.5016,3.738
10/3/2012,4.5262,3.5,3.7393
10/4/2012,4.5426,3.5104,3.7482
10/5/2012,4.5694,3.5117,3.7703
10/8/2012,4.5646,3.5203,3.7697
10/9/2012,4.5642,3.5272,3.769
10/10/2012,4.5641,3.5503,3.7709
10/11/2012,4.5698,3.5463,3.784
10/12/2012,4.5658,3.5193,3.774
10/15/2012,4.5687,3.5248,3.7794
10/16/2012,4.5693,3.5143,3.7799
10/17/2012,4.5742,3.4888,3.7805
10/18/2012,4.5789,3.49,3.7853
10/19/2012,4.5809,3.5097,3.7885
10/22/2012,4.5757,3.5051,3.7802
10/23/2012,4.5772,3.5128,3.7841
10/24/2012,4.5754,3.538,3.7824
10/25/2012,4.564,3.5078,3.7728
10/26/2012,4.5538,3.52,3.7638
10/29/2012,4.5442,3.5195,3.758
10/30/2012,4.537,3.5023,3.7541
10/31/2012,4.5358,3.4873,3.755
11/1/2012,4.5318,3.5001,3.7529
11/2/2012,4.5236,3.512,3.7486
11/5/2012,4.5209,3.5336,3.746
11/6/2012,4.5171,3.5306,3.7423
11/7/2012,4.5089,3.5102,3.7339
11/8/2012,4.5156,3.5451,3.7455
11/9/2012,4.522,3.5545,3.7507
11/12/2012,4.5219,3.5565,3.7517
11/13/2012,4.531,3.5729,3.7619
11/14/2012,4.5388,3.5603,3.7709
11/15/2012,4.5379,3.5552,3.7692
11/16/2012,4.5376,3.5637,3.7683
11/19/2012,4.5349,3.5512,3.7639
11/20/2012,4.5342,3.5381,3.7627
11/21/2012,4.5339,3.5474,3.7655
11/22/2012,4.5314,3.5224,3.761
11/23/2012,4.536,3.5175,3.7637
11/26/2012,4.5313,3.495,3.7628
11/27/2012,4.5089,3.4815,3.7451
11/28/2012,4.5118,3.4905,3.7486
11/29/2012,4.5059,3.4687,3.7424
12/3/2012,4.5191,3.4666,3.7467
12/4/2012,4.5316,3.4665,3.7405
12/5/2012,4.5454,3.4734,3.7406
12/6/2012,4.5394,3.4722,3.744
12/7/2012,4.5349,3.5067,3.7499
12/10/2012,4.5339,3.5133,3.7584
12/11/2012,4.5388,3.5012,3.7461
12/12/2012,4.5317,3.479,3.7392
12/13/2012,4.5075,3.4522,3.7269
12/14/2012,4.4747,3.4205,3.7022
12/17/2012,4.4675,3.3954,3.699
12/18/2012,4.4672,3.388,3.6985
12/19/2012,4.4778,3.3731,3.7033
12/20/2012,4.4762,3.3788,3.7056
12/21/2012,4.4451,3.3636,3.6802
12/24/2012,4.4231,3.3468,3.6626
12/27/2012,4.4296,3.3384,3.6655
12/28/2012,4.4291,3.3619,3.6651
12/31/2012,4.4287,3.3575,3.6681
1/3/2013,4.4153,3.3683,3.6523
1/4/2013,4.4251,3.4017,3.6597
1/7/2013,4.4223,3.3917,3.6583
1/8/2013,4.4106,3.3608,3.6474
1/9/2013,4.4086,3.3728,3.6465
1/10/2013,4.3753,3.3393,3.6191
1/11/2013,4.3802,3.301,3.601
1/14/2013,4.3814,3.2761,3.5695
1/15/2013,4.3894,3.2882,3.5463
1/16/2013,4.3364,3.2596,3.5061
1/17/2013,4.3351,3.2431,3.4827
1/18/2013,4.3373,3.2484,3.4758
1/21/2013,4.3481,3.2689,3.5044
1/22/2013,4.3571,3.2658,3.5193
1/23/2013,4.3727,3.2808,3.5334
1/24/2013,4.3724,3.2812,3.5268
1/25/2013,4.3606,3.2482,3.5162
1/28/2013,4.3877,3.2625,3.5227
1/29/2013,4.3853,3.2668,3.5331
1/30/2013,4.3825,3.2338,3.5222
1/31/2013,4.3828,3.2332,3.5483
2/1/2013,4.3771,3.2033,3.5403
2/4/2013,4.3667,3.2154,3.5321
2/5/2013,4.3764,3.2321,3.5553
2/6/2013,4.3852,3.2404,3.5503
2/7/2013,4.4106,3.2493,3.5793
2/8/2013,4.397,3.2773,3.5758
2/11/2013,4.3998,3.2874,3.5807
2/12/2013,4.4026,3.2828,3.567
2/13/2013,4.387,3.2542,3.5466
2/14/2013,4.3844,3.2881,3.5621
2/15/2013,4.3885,3.2907,3.5679
2/18/2013,4.387,3.2853,3.5594
2/19/2013,4.3842,3.2884,3.5557
2/20/2013,4.3779,3.267,3.5487
2/21/2013,4.3863,3.3288,3.5706
2/22/2013,4.378,3.3159,3.5621
2/25/2013,4.381,3.3026,3.5683
2/26/2013,4.3816,3.3481,3.6009
2/27/2013,4.3745,3.3408,3.5882
2/28/2013,4.3698,3.3345,3.5796
3/1/2013,4.3573,3.342,3.5571
3/4/2013,4.3652,3.3593,3.563
3/5/2013,4.3612,3.3478,3.5538
3/6/2013,4.3615,3.3474,3.5435
3/7/2013,4.3524,3.3417,3.5276
3/8/2013,4.3544,3.3174,3.5208
3/11/2013,4.3643,3.3556,3.5306
3/12/2013,4.3749,3.3625,3.5467
3/13/2013,4.3837,3.3675,3.5572
3/14/2013,4.3975,3.3997,3.5646
3/15/2013,4.394,3.3636,3.5677
3/18/2013,4.417,3.4088,3.616
3/19/2013,4.4078,3.4078,3.6045
3/20/2013,4.4179,3.4194,3.6166
3/21/2013,4.4219,3.4235,3.6209
3/22/2013,4.4286,3.4225,3.6235
3/25/2013,4.4154,3.3948,3.6131
3/26/2013,4.4111,3.4265,3.6136
3/27/2013,4.4032,3.4419,3.6156
3/28/2013,4.4178,3.4497,3.6223
3/29/2013,4.4154,3.4455,3.6275
4/1/2013,4.4143,3.444,3.6282
4/2/2013,4.4179,3.4398,3.6372
4/3/2013,4.4228,3.4471,3.634
4/4/2013,4.4281,3.4597,3.6405
4/5/2013,4.4211,3.4215,3.6374
4/8/2013,4.4098,3.3894,3.6266
4/9/2013,4.4099,3.3817,3.616
4/10/2013,4.3887,3.3508,3.5988
4/11/2013,4.3924,3.3554,3.6031
4/12/2013,4.396,3.3673,3.6102
4/15/2013,4.3806,3.3538,3.6053
4/16/2013,4.3783,3.348,3.6007
4/17/2013,4.3668,3.3177,3.5927
4/18/2013,4.3747,3.347,3.5984
4/19/2013,4.3663,3.3353,3.5867
4/22/2013,4.3552,3.3382,3.5738
4/23/2013,4.3555,3.3531,3.5661
4/24/2013,4.3485,3.3401,3.5316
4/25/2013,4.3557,3.3334,3.5316
4/26/2013,4.3366,3.3308,3.5296
4/29/2013,4.3224,3.304,3.5174
4/30/2013,4.3237,3.3075,3.532
5/2/2013,4.3352,3.2923,3.5469
5/3/2013,4.3072,3.2816,3.52
5/7/2013,4.3182,3.302,3.5049
5/8/2013,4.3117,3.2884,3.4976
5/9/2013,4.3249,3.2908,3.52
5/10/2013,4.3241,3.3237,3.4818
5/13/2013,4.3207,3.3309,3.4773
5/14/2013,4.3311,3.3323,3.491
5/15/2013,4.3344,3.363,3.4702
5/16/2013,4.3375,3.3696,3.4839
5/17/2013,4.3395,3.3701,3.4924
5/20/2013,4.3428,3.3761,3.4878
5/21/2013,4.3485,3.3781,3.4907
5/22/2013,4.3465,3.3601,3.4693
5/23/2013,4.3611,3.3845,3.5056
5/24/2013,4.3625,3.3651,3.4865
5/27/2013,4.3514,3.3615,3.4981
5/28/2013,4.3297,3.3506,3.4595
5/29/2013,4.3497,3.3743,3.4763
5/30/2013,4.332,3.3337,3.4822
5/31/2013,4.3794,3.3737,3.5336
6/3/2013,4.409,3.3846,3.5401
6/4/2013,4.4008,3.3649,3.5465
6/5/2013,4.4291,3.3885,3.5737
6/6/2013,4.4763,3.4113,3.6241
6/7/2013,4.5535,3.4402,3.7052
6/10/2013,4.5224,3.4191,3.6508
6/11/2013,4.5225,3.4051,3.6715
6/12/2013,4.4969,3.3855,3.6523
6/13/2013,4.483,3.3638,3.6514
6/14/2013,4.459,3.3472,3.6212
6/17/2013,4.4581,3.3408,3.6195
6/18/2013,4.4801,3.3481,3.6419
6/19/2013,4.4992,3.3602,3.6496
6/20/2013,4.534,3.4375,3.6738
6/21/2013,4.5209,3.4179,3.6853
6/25/2013,4.487,3.421,3.6603
6/26/2013,4.4161,3.3881,3.6013
6/27/2013,4.4463,3.4151,3.6124
6/28/2013,4.4588,3.4151,3.6123
7/1/2013,4.4501,3.4094,3.607
7/2/2013,4.4391,3.4076,3.5954
7/3/2013,4.4514,3.4337,3.618
7/4/2013,4.442,3.4165,3.6048
7/5/2013,4.4403,3.4473,3.5949
7/8/2013,4.4485,3.4624,3.59
7/9/2013,4.4416,3.451,3.5677
7/10/2013,4.4369,3.4628,3.5728
7/11/2013,4.4298,3.395,3.5733
7/12/2013,4.421,3.387,3.5672
7/15/2013,4.4232,3.3933,3.572
7/16/2013,4.4358,3.3905,3.5819
7/17/2013,4.4467,3.3809,3.6036
7/18/2013,4.4339,3.3814,3.5857
7/19/2013,4.4283,3.3787,3.5812
7/22/2013,4.4235,3.3542,3.5774
7/23/2013,4.4209,3.3571,3.5726
7/24/2013,4.404,3.3284,3.5569
7/25/2013,4.3895,3.3314,3.5482
7/26/2013,4.3886,3.3029,3.5563
7/29/2013,4.3994,3.3111,3.5685
7/30/2013,4.3907,3.3081,3.5587
7/31/2013,4.4048,3.3169,3.5778
8/1/2013,4.4255,3.342,3.5911
8/2/2013,4.4359,3.3562,3.5815
8/5/2013,4.4201,3.3275,3.58
8/6/2013,4.4111,3.3206,3.5836
8/7/2013,4.4304,3.3365,3.5949
8/8/2013,4.4399,3.3254,3.6107
8/9/2013,4.4373,3.3157,3.6033
8/12/2013,4.425,3.3292,3.5908
8/13/2013,4.425,3.3243,3.5843
8/14/2013,4.4278,3.3435,3.5668
8/16/2013,4.4511,3.3365,3.6002
8/19/2013,4.4537,3.3392,3.6046
8/20/2013,4.45,3.3219,3.611
8/21/2013,4.4503,3.3204,3.614
8/22/2013,4.44,3.3312,3.5965
8/23/2013,4.4303,3.314,3.5861
8/26/2013,4.4288,3.311,3.5864
8/27/2013,4.4402,3.3286,3.6112
8/28/2013,4.435,3.3159,3.6108
8/29/2013,4.4466,3.3516,3.6147
8/30/2013,4.4367,3.351,3.6017
9/2/2013,4.4221,3.3441,3.5904
9/3/2013,4.4358,3.3662,3.599
9/4/2013,4.4461,3.3746,3.6043
9/5/2013,4.4653,3.382,3.6053
9/6/2013,4.4725,3.4106,3.6103
9/9/2013,4.4705,3.3884,3.6179
9/10/2013,4.4653,3.3719,3.6092
9/11/2013,4.4694,3.3693,3.6064
9/12/2013,4.4847,3.3744,3.624
9/13/2013,4.4771,3.3685,3.6173
9/16/2013,4.4551,3.3367,3.6011
9/17/2013,4.476,3.349,3.6176
9/18/2013,4.4751,3.3504,3.6198
9/19/2013,4.4509,3.2838,3.6091
9/20/2013,4.4567,3.296,3.6182
9/23/2013,4.4712,3.3105,3.6276
9/24/2013,4.4684,3.3126,3.633
9/25/2013,4.4711,3.3103,3.6337
9/26/2013,4.4635,3.3089,3.6326
9/27/2013,4.4603,3.3052,3.6381
9/30/2013,4.4604,3.3051,3.6505
10/1/2013,4.456,3.2894,3.6377
10/2/2013,4.4511,3.2888,3.6364
10/3/2013,4.4403,3.2624,3.6199
10/4/2013,4.4306,3.256,3.6142
10/7/2013,4.4304,3.2629,3.6134
10/8/2013,4.4366,3.2682,3.6089
10/9/2013,4.4631,3.2988,3.6275
10/10/2013,4.4623,3.2987,3.6239
10/11/2013,4.4508,3.2781,3.6116
10/14/2013,4.4676,3.2948,3.621
10/15/2013,4.4503,3.294,3.6001
10/16/2013,4.4484,3.2871,3.603
10/17/2013,4.4511,3.2661,3.6111
10/18/2013,4.4514,3.2513,3.607
10/21/2013,4.4478,3.2517,3.6001
10/22/2013,4.437,3.2447,3.5917
10/23/2013,4.4378,3.2251,3.603
10/24/2013,4.4508,3.2257,3.6197
10/25/2013,4.4537,3.2259,3.61
10/28/2013,4.4404,3.2152,3.5979
10/29/2013,4.443,3.229,3.5966
10/30/2013,4.4304,3.2201,3.5856
10/31/2013,4.4306,3.2441,3.5922
11/1/2013,4.4382,3.2814,3.6083
11/4/2013,4.4356,3.2836,3.6015
11/5/2013,4.4422,3.29,3.6123
11/6/2013,4.4328,3.2815,3.5982
11/7/2013,4.4331,3.2809,3.5945
11/8/2013,4.4424,3.3104,3.6107
11/11/2013,4.4531,3.3241,3.6129
11/12/2013,4.4545,3.3267,3.6136
11/13/2013,4.4619,3.3264,3.6227
11/14/2013,4.4536,3.3152,3.6123
11/15/2013,4.4502,3.3101,3.6038
11/18/2013,4.4462,3.2904,3.606
11/19/2013,4.4456,3.2906,3.6045
11/20/2013,4.4449,3.2864,3.6085
11/21/2013,4.4479,3.3101,3.6097
11/22/2013,4.4521,3.2944,3.6177
11/25/2013,4.4447,3.2892,3.6128
11/26/2013,4.4438,3.28,3.6086
11/27/2013,4.4413,3.2664,3.6092
11/28/2013,4.4352,3.2619,3.6022
11/29/2013,4.4412,3.2644,3.6071
12/2/2013,4.4359,3.2745,3.6007
12/3/2013,4.4684,3.2936,3.6352
12/4/2013,4.4715,3.29,3.64
12/5/2013,4.4687,3.2869,3.6445
12/6/2013,4.4567,3.2612,3.6386
12/9/2013,4.4518,3.2475,3.6372
12/10/2013,4.4536,3.2403,3.6409
12/11/2013,4.453,3.2361,3.646
12/12/2013,4.4527,3.2332,3.6438
12/13/2013,4.4552,3.2482,3.6437
12/16/2013,4.4537,3.2324,3.6486
12/17/2013,4.4643,3.2425,3.6552
12/18/2013,4.4749,3.2549,3.6609
12/19/2013,4.4806,3.2755,3.6591
12/20/2013,4.4754,3.2771,3.6498
12/23/2013,4.4756,3.2719,3.6512
12/24/2013,4.4649,3.2647,3.6479
12/27/2013,4.4597,3.2305,3.6419
12/30/2013,4.4639,3.2458,3.6406
12/31/2013,4.4847,3.2551,3.6546
1/3/2014,4.4882,3.2888,3.6498
1/6/2014,4.4947,3.3009,3.6507
1/7/2014,4.501,3.299,3.6395
1/8/2014,4.4979,3.3106,3.6372
1/9/2014,4.529,3.3267,3.6616
1/10/2014,4.5447,3.3432,3.6822
1/13/2014,4.5366,3.3201,3.6768
1/14/2014,4.526,3.3092,3.6694
1/15/2014,4.5261,3.3225,3.6629
1/16/2014,4.5275,3.3244,3.6633
1/17/2014,4.5301,3.3301,3.6739
1/20/2014,4.5374,3.3472,3.678
1/21/2014,4.5379,3.3514,3.6689
1/22/2014,4.5301,3.3447,3.6696
1/23/2014,4.5281,3.3218,3.676
1/24/2014,4.528,3.3109,3.6948
1/27/2014,4.54,3.318,3.7025
1/28/2014,4.5317,3.3226,3.6924
1/29/2014,4.5188,3.3048,3.6846
1/30/2014,4.5085,3.3146,3.687
1/31/2014,4.4978,3.3221,3.676
2/3/2014,4.4935,3.3264,3.6763
2/4/2014,4.4589,3.2984,3.6493
2/5/2014,4.4556,3.2978,3.6439
2/6/2014,4.4669,3.3021,3.6541
2/7/2014,4.4824,3.304,3.6639
2/10/2014,4.4754,3.2851,3.6595
2/11/2014,4.4723,3.2713,3.6537
2/12/2014,4.4779,3.2828,3.6563
2/13/2014,4.4926,3.2863,3.6772
2/14/2014,4.4813,3.2721,3.6655
2/17/2014,4.4905,3.2758,3.6749
2/18/2014,4.4873,3.2685,3.6718
2/19/2014,4.4916,3.2674,3.677
2/20/2014,4.5239,3.304,3.7074
2/21/2014,4.5173,3.2955,3.7021
2/24/2014,4.5101,3.2773,3.6968
2/25/2014,4.5173,3.2858,3.7041
2/26/2014,4.5144,3.2854,3.6991
2/27/2014,4.5034,3.2997,3.7036
2/28/2014,4.4995,3.2618,3.6989
3/3/2014,4.5169,3.2776,3.7254
3/4/2014,4.5196,3.2852,3.7146
3/5/2014,4.5123,3.2896,3.7042
3/6/2014,4.4986,3.2752,3.6903
3/7/2014,4.4931,3.2352,3.6853
3/10/2014,4.4996,3.2428,3.6932
3/11/2014,4.499,3.2494,3.693
3/12/2014,4.5102,3.2534,3.7103
3/13/2014,4.5069,3.2298,3.7092
3/14/2014,4.5097,3.2465,3.7135
3/17/2014,4.5114,3.2471,3.7111
3/18/2014,4.5085,3.242,3.7081
3/19/2014,4.4997,3.2314,3.6945
3/20/2014,4.4949,3.2642,3.686
3/21/2014,4.4816,3.2488,3.6801
3/24/2014,4.4793,3.2528,3.672
3/25/2014,4.4693,3.2351,3.6653
3/26/2014,4.4637,3.2348,3.6507
3/27/2014,4.4749,3.2533,3.6704
3/28/2014,4.4514,3.2419,3.6509
3/31/2014,4.4553,3.2304,3.6525
4/1/2014,4.4629,3.236,3.6646
4/2/2014,4.467,3.2384,3.6634
4/3/2014,4.4726,3.249,3.6619
4/4/2014,4.4603,3.2536,3.6454
4/7/2014,4.463,3.2534,3.6525
4/8/2014,4.4561,3.236,3.6528
4/9/2014,4.4635,3.2356,3.6601
4/10/2014,4.4591,3.2161,3.6639
4/11/2014,4.462,3.213,3.6677
4/14/2014,4.4695,3.2336,3.6768
4/15/2014,4.4646,3.2342,3.6714
4/16/2014,4.4762,3.234,3.6797
4/17/2014,4.4684,3.2233,3.6694
4/18/2014,4.4607,3.2281,3.6578
4/22/2014,4.466,3.2356,3.6584
4/23/2014,4.4698,3.2292,3.6632
4/24/2014,4.4625,3.2273,3.6572
4/25/2014,4.4517,3.2161,3.6518
4/28/2014,4.4549,3.2121,3.6595
4/29/2014,4.4403,3.2029,3.6397
4/30/2014,4.4503,3.2194,3.6488
5/2/2014,4.434,3.1991,3.6376
5/5/2014,4.4419,3.2016,3.6479
5/6/2014,4.4411,3.1885,3.6476
5/7/2014,4.4352,3.186,3.6417
5/8/2014,4.434,3.1799,3.6383
5/9/2014,4.4295,3.2059,3.6342
5/12/2014,4.4328,3.22,3.6314
5/13/2014,4.4308,3.2215,3.6309
5/14/2014,4.4415,3.2387,3.6416
5/15/2014,4.4349,3.2468,3.6289
5/16/2014,4.4275,3.2277,3.6249
5/19/2014,4.4304,3.2299,3.623
5/20/2014,4.4343,3.2374,3.6278
5/21/2014,4.4378,3.238,3.6318
5/22/2014,4.417,3.228,3.616
5/23/2014,4.4164,3.241,3.616
5/26/2014,4.4099,3.2315,3.6111
5/27/2014,4.3958,3.2206,3.5972
5/28/2014,4.3981,3.23,3.5956
5/29/2014,4.3934,3.2269,3.5986
5/30/2014,4.3986,3.2307,3.6038
6/2/2014,4.3919,3.2286,3.5956
6/3/2014,4.3968,3.2301,3.598
6/4/2014,4.4063,3.2361,3.6094
6/5/2014,4.3964,3.229,3.6051
6/6/2014,4.3918,3.2229,3.6077
6/10/2014,4.3916,3.2401,3.6017
6/11/2014,4.396,3.2481,3.608
6/12/2014,4.3912,3.2494,3.6058
6/13/2014,4.396,3.2395,3.6132
6/16/2014,4.3993,3.2516,3.6126
6/17/2014,4.4049,3.2486,3.6147
6/18/2014,4.404,3.2481,3.6137
6/19/2014,4.397,3.2243,3.6127
6/20/2014,4.3958,3.2305,3.6124
6/23/2014,4.3971,3.2374,3.6129
6/24/2014,4.3918,3.2243,3.6117
6/25/2014,4.3944,3.2302,3.6123
6/26/2014,4.3847,3.2205,3.6036
6/27/2014,4.3888,3.2239,3.6077
6/30/2014,4.387,3.2138,3.6097
7/1/2014,4.3845,3.2021,3.6109
7/2/2014,4.3867,3.2106,3.6133
7/3/2014,4.3878,3.2133,3.6125
7/4/2014,4.3897,3.23,3.6104
7/7/2014,4.3867,3.2262,3.6085
7/8/2014,4.3902,3.2286,3.6123
7/9/2014,4.392,3.2262,3.6138
7/10/2014,4.3952,3.2242,3.6188
7/11/2014,4.4179,3.2461,3.6381
7/14/2014,4.4193,3.2445,3.6407
7/15/2014,4.4175,3.2491,3.6377
7/16/2014,4.4348,3.2765,3.6485
7/17/2014,4.4423,3.2821,3.6582
7/18/2014,4.441,3.2828,3.6577
7/21/2014,4.4488,3.2898,3.6617
7/22/2014,4.4408,3.2929,3.6544
7/23/2014,4.429,3.2891,3.6447
7/24/2014,4.4155,3.2766,3.6343
7/25/2014,4.4,3.2715,3.6204
7/28/2014,4.3873,3.2638,3.6102
7/29/2014,4.3955,3.2711,3.6175
7/30/2014,4.4025,3.285,3.6197
7/31/2014,4.4188,3.3016,3.6313
8/1/2014,4.433,3.3098,3.6454
8/4/2014,4.4336,3.303,3.6444
8/5/2014,4.425,3.3046,3.6349
8/6/2014,4.4455,3.3278,3.6575
8/7/2014,4.4405,3.3189,3.6535
8/8/2014,4.4455,3.319,3.6644
8/11/2014,4.4415,3.3174,3.6604
8/12/2014,4.4425,3.3296,3.6591
8/13/2014,4.4347,3.3198,3.6539
8/14/2014,4.4372,3.3154,3.6614
8/18/2014,4.4362,3.3133,3.664
8/19/2014,4.4333,3.3222,3.6616
8/20/2014,4.4244,3.3291,3.6552
8/21/2014,4.4147,3.3272,3.6457
8/22/2014,4.4109,3.3208,3.6461
8/25/2014,4.3947,3.3286,3.6344
8/26/2014,4.3964,3.3298,3.6397
8/27/2014,4.3941,3.3324,3.6392
8/28/2014,4.4008,3.3329,3.6486
8/29/2014,4.4126,3.349,3.6583
9/1/2014,4.3989,3.3485,3.6451
9/2/2014,4.4054,3.3594,3.6479
9/3/2014,4.406,3.3543,3.6486
9/4/2014,4.4047,3.3501,3.6497
9/5/2014,4.4006,3.3964,3.6486
9/8/2014,4.4085,3.4056,3.6552
9/9/2014,4.4212,3.4307,3.6666
9/10/2014,4.4287,3.42,3.6669
9/11/2014,4.4196,3.4197,3.653
9/12/2014,4.4184,3.4197,3.654
9/15/2014,4.4209,3.4211,3.6536
9/16/2014,4.418,3.4118,3.6544
9/17/2014,4.4196,3.4097,3.6491
9/18/2014,4.4098,3.425,3.6505
9/19/2014,4.4027,3.4182,3.6481
9/22/2014,4.4029,3.4257,3.6475
9/23/2014,4.4019,3.4143,3.6465
9/24/2014,4.4012,3.4252,3.6444
9/25/2014,4.4026,3.4582,3.6457
9/26/2014,4.4018,3.4544,3.6467
9/29/2014,4.4152,3.4827,3.6577
9/30/2014,4.4114,3.5019,3.6568
10/1/2014,4.4127,3.4994,3.6599
10/2/2014,4.4106,3.4883,3.6521
10/3/2014,4.4114,3.4947,3.6499
10/6/2014,4.4136,3.5195,3.6417
10/7/2014,4.4067,3.4939,3.6395
10/8/2014,4.4089,3.4825,3.6353
10/9/2014,4.4061,3.4506,3.6358
10/10/2014,4.4036,3.4756,3.6405
10/13/2014,4.403,3.4729,3.6429
10/14/2014,4.4109,3.4874,3.6517
10/15/2014,4.4137,3.4901,3.6543
10/16/2014,4.43,3.4615,3.6728
10/17/2014,4.4209,3.4514,3.6614
10/20/2014,4.4176,3.4607,3.6618
10/21/2014,4.417,3.457,3.6596
10/22/2014,4.4166,3.4793,3.6611
10/23/2014,4.4236,3.4929,3.6654
10/24/2014,4.4209,3.4967,3.6645
10/27/2014,4.4255,3.4914,3.6703
10/28/2014,4.42,3.4826,3.6642
10/29/2014,4.4226,3.4721,3.6676
10/30/2014,4.4197,3.5094,3.6657
10/31/2014,4.4139,3.5098,3.6583
11/3/2014,4.4133,3.5319,3.6614
11/4/2014,4.4193,3.5277,3.6663
11/5/2014,4.4192,3.5371,3.6697
11/6/2014,4.4277,3.5357,3.6729
11/7/2014,4.436,3.5763,3.6835
11/10/2014,4.4304,3.5457,3.6836
11/11/2014,4.4269,3.5673,3.6831
11/12/2014,4.4319,3.5573,3.6851
11/13/2014,4.4293,3.5522,3.6849
11/14/2014,4.4272,3.5521,3.6833
11/17/2014,4.4243,3.5421,3.6831
11/18/2014,4.4353,3.544,3.6916
11/19/2014,4.4407,3.5411,3.6969
11/20/2014,4.4421,3.5472,3.6976
11/21/2014,4.4412,3.5697,3.6935
11/24/2014,4.4347,3.5758,3.6877
11/25/2014,4.4338,3.5653,3.6873
11/26/2014,4.42,3.5479,3.6751
11/27/2014,4.4199,3.5433,3.6779
11/28/2014,4.4247,3.5533,3.6811
12/2/2014,4.4292,3.5606,3.6786
12/3/2014,4.4282,3.5914,3.6813
12/4/2014,4.4269,3.5946,3.6784
12/5/2014,4.4315,3.5865,3.686
12/8/2014,4.4419,3.6246,3.694
12/9/2014,4.4386,3.5914,3.6921
12/10/2014,4.4415,3.5885,3.6949
12/11/2014,4.4546,3.5787,3.7077
12/12/2014,4.4645,3.5898,3.7172
12/15/2014,4.4788,3.6061,3.7286
12/16/2014,4.4738,3.5818,3.7255
12/17/2014,4.4738,3.5924,3.7252
12/18/2014,4.4705,3.625,3.7137
12/19/2014,4.475,3.6474,3.7175
12/22/2014,4.4674,3.6433,3.712
12/23/2014,4.4758,3.6595,3.7213
12/24/2014,4.4702,3.665,3.7177
12/29/2014,4.4744,3.6684,3.72
12/30/2014,4.4834,3.6885,3.7268
12/31/2014,4.4821,3.6868,3.7273
1/5/2015,4.4973,3.7742,3.7428
1/6/2015,4.4982,3.7797,3.7441
1/7/2015,4.496,3.7936,3.7437
1/8/2015,4.4882,3.8131,3.7372
1/9/2015,4.4887,3.8001,3.7376
1/12/2015,4.4856,3.8023,3.7349
1/13/2015,4.4853,3.8009,3.7346
1/14/2015,4.4935,3.823,3.7415
1/15/2015,4.5034,3.851,4.3287
1/16/2015,4.5095,3.8863,4.4228
1/19/2015,4.5018,3.8815,4.4716
1/20/2015,4.5037,3.878,4.4354
1/21/2015,4.511,3.8989,4.5054
1/22/2015,4.5005,3.8721,4.5152
1/23/2015,4.4935,3.998,4.5817
1/26/2015,4.48,3.9888,4.484
1/27/2015,4.4709,3.9644,4.4269
1/28/2015,4.4585,3.9258,4.3632
1/29/2015,4.4451,3.9335,4.2748
1/30/2015,4.4424,3.9157,4.2438
2/2/2015,4.4109,3.8885,4.1766
2/3/2015,4.4018,3.8772,4.1912
2/4/2015,4.4081,3.8507,4.1611
2/5/2015,4.4088,3.8542,4.1522
2/6/2015,4.4143,3.8583,4.1808
2/9/2015,4.4274,3.9089,4.214
2/10/2015,4.437,3.93,4.2451
2/11/2015,4.442,3.927,4.2388
2/12/2015,4.4316,3.9081,4.2024
2/13/2015,4.4408,3.8927,4.1904
2/16/2015,4.4407,3.8911,4.1824
2/17/2015,4.448,3.9052,4.1895
2/18/2015,4.4503,3.9079,4.1623
2/19/2015,4.4434,3.8982,4.1225
2/20/2015,4.4498,3.9243,4.1288
2/23/2015,4.4521,3.9378,4.144
2/24/2015,4.4478,3.9335,4.1413
2/25/2015,4.4216,3.8952,4.104
2/26/2015,4.4252,3.8932,4.1178
2/27/2015,4.4381,3.9515,4.1664
3/2/2015,4.4424,3.9599,4.1413
3/3/2015,4.4551,3.9892,4.1501
3/4/2015,4.4542,4.0041,4.1595
3/5/2015,4.4454,4.0228,4.1532
3/6/2015,4.4402,4.0491,4.1457
3/9/2015,4.4439,4.0779,4.1481
3/10/2015,4.4435,4.1279,4.1621
3/11/2015,4.4444,4.2059,4.1794
3/12/2015,4.436,4.1796,4.169
3/13/2015,4.4472,4.2012,4.1728
3/16/2015,4.437,4.2107,4.194
3/17/2015,4.4389,4.1805,4.1709
3/18/2015,4.4459,4.1848,4.1744
3/19/2015,4.4151,4.1282,4.1599
3/20/2015,4.4306,4.144,4.199
3/23/2015,4.433,4.0791,4.1878
3/24/2015,4.4045,4.009,4.1868
3/25/2015,4.4077,4.0211,4.1986
3/26/2015,4.4208,4.0169,4.2173
3/27/2015,4.4242,4.0876,4.228
3/30/2015,4.4061,4.0607,4.2117
3/31/2015,4.4098,4.1115,4.2179
4/1/2015,4.4137,4.1121,4.2354
4/2/2015,4.4159,4.0778,4.2418
4/3/2015,4.4157,4.0582,4.2296
4/6/2015,4.4192,4.0244,4.2309
4/7/2015,4.4169,4.069,4.2263
4/8/2015,4.405,4.0508,4.2143
4/9/2015,4.3965,4.0934,4.2112
4/10/2015,4.4105,4.1559,4.2462
4/14/2015,4.4104,4.1743,4.2712
4/15/2015,4.4202,4.172,4.2773
4/16/2015,4.4125,4.1393,4.2815
4/17/2015,4.411,4.0777,4.2767
4/20/2015,4.4345,4.1234,4.3102
4/21/2015,4.4508,4.1655,4.3384
4/22/2015,4.429,4.1057,4.3161
4/23/2015,4.4177,4.1152,4.2654
4/24/2015,4.4136,4.062,4.2656
4/27/2015,4.4202,4.0773,4.2664
4/28/2015,4.4126,4.0418,4.223
4/29/2015,4.4031,4.0017,4.1938
4/30/2015,4.4198,3.9528,4.2025
5/4/2015,4.4292,3.979,4.2462
5/5/2015,4.4279,3.9841,4.2598
5/6/2015,4.4382,3.9577,4.2805
5/7/2015,4.4495,3.9106,4.3067
5/8/2015,4.4497,3.9597,4.2986
5/11/2015,4.4488,3.9839,4.2777
5/12/2015,4.4594,3.9562,4.2928
5/13/2015,4.4585,3.9696,4.2792
5/14/2015,4.4588,3.9083,4.2869
5/15/2015,4.4409,3.9086,4.2605
5/18/2015,4.4455,3.9014,4.2401
5/19/2015,4.4474,3.9725,4.2671
5/20/2015,4.4484,4.0013,4.2662
5/21/2015,4.4463,3.9872,4.2739
5/22/2015,4.4483,3.9765,4.2731
5/25/2015,4.4496,4.0547,4.2981
5/26/2015,4.463,4.0924,4.319
5/27/2015,4.445,4.0782,4.2995
5/28/2015,4.4435,4.0634,4.2916
5/29/2015,4.4395,4.0409,4.2929
6/2/2015,4.4407,4.049,4.3005
6/3/2015,4.4375,3.9904,4.2656
6/4/2015,4.4336,3.9064,4.2055
6/5/2015,4.4433,3.9461,4.2335
6/8/2015,4.4601,4.0057,4.2615
6/9/2015,4.4677,3.9644,4.2676
6/10/2015,4.4667,3.9513,4.2564
6/11/2015,4.4666,3.9661,4.2356
6/12/2015,4.4696,4.0002,4.2773
6/15/2015,4.4799,3.9896,4.2837
6/16/2015,4.4894,3.9924,4.2832
6/17/2015,4.4844,3.9785,4.2888
6/18/2015,4.4882,3.9358,4.2898
6/19/2015,4.4881,3.9662,4.2977
6/22/2015,4.483,3.9524,4.2939
6/23/2015,4.4807,3.9898,4.2857
6/24/2015,4.4727,3.9889,4.2821
6/25/2015,4.4563,3.9902,4.249
6/26/2015,4.4577,3.9783,4.2647
6/29/2015,4.4931,4.0469,4.3251
6/30/2015,4.4735,3.9969,4.3021
7/1/2015,4.4685,4.0157,4.2798
7/2/2015,4.4749,4.0394,4.2547
7/3/2015,4.4819,4.0321,4.2825
7/6/2015,4.4854,4.0566,4.2943
7/7/2015,4.481,4.0816,4.3113
7/8/2015,4.485,4.0594,4.3071
7/9/2015,4.4805,4.0601,4.2716
7/10/2015,4.4464,3.983,4.2474
7/13/2015,4.4351,4.0064,4.2304
7/14/2015,4.4245,4.0101,4.2456
7/15/2015,4.4288,4.0174,4.244
7/16/2015,4.4196,4.0517,4.2408
7/17/2015,4.4184,4.0584,4.2391
7/20/2015,4.4174,4.0785,4.232
7/21/2015,4.4097,4.0626,4.2249
7/22/2015,4.4172,4.0399,4.2121
7/23/2015,4.4214,4.0251,4.2131
7/24/2015,4.4226,4.0395,4.2042
7/27/2015,4.4191,3.9889,4.1739
7/28/2015,4.4155,3.9927,4.1441
7/29/2015,4.4192,3.9942,4.1536
7/30/2015,4.4075,4.0152,4.1401
7/31/2015,4.407,4.0166,4.1733
8/3/2015,4.4041,4.0136,4.1532
8/4/2015,4.4056,4.0149,4.1507
8/5/2015,4.4125,4.0631,4.1459
8/6/2015,4.4117,4.0489,4.1198
8/7/2015,4.4128,4.0407,4.1101
8/10/2015,4.4114,4.0314,4.0971
8/11/2015,4.4156,4.0045,4.0682
8/12/2015,4.4157,3.9661,4.0613
8/13/2015,4.4093,3.9666,4.0543
8/14/2015,4.4224,3.9645,4.0701
8/17/2015,4.4269,3.9886,4.0833
8/18/2015,4.4235,3.9967,4.0951
8/19/2015,4.4305,4.0137,4.1197
8/20/2015,4.4362,3.9746,4.129
8/21/2015,4.43,3.9345,4.1098
8/24/2015,4.4412,3.8727,4.1096
8/25/2015,4.4384,3.8493,4.0922
8/26/2015,4.4375,3.8705,4.1092
8/27/2015,4.4353,3.9273,4.1193
8/28/2015,4.4302,3.9271,4.0813
8/31/2015,4.4321,3.9511,4.1015
9/1/2015,4.439,3.9423,4.0926
9/2/2015,4.4413,3.9427,4.0873
9/3/2015,4.4315,3.9461,4.0693
9/4/2015,4.4286,3.9745,4.0815
9/7/2015,4.4263,3.9664,4.0758
9/8/2015,4.4261,3.965,4.0558
9/9/2015,4.4208,3.9539,4.0562
9/10/2015,4.4222,3.9565,4.0457
9/11/2015,4.4159,3.9188,4.0114
9/14/2015,4.417,3.8961,4.0202
9/15/2015,4.4195,3.9079,4.032
9/16/2015,4.4239,3.9362,4.0405
9/17/2015,4.4267,3.9119,4.0366
9/18/2015,4.4211,3.8638,4.0379
9/21/2015,4.4229,3.9182,4.0529
9/22/2015,4.4215,3.9541,4.0654
9/23/2015,4.4207,3.9694,4.0643
9/24/2015,4.4157,3.9415,4.0385
9/25/2015,4.416,3.9595,4.0373
9/28/2015,4.4128,3.9448,4.0301
9/29/2015,4.4248,3.9365,4.0503
9/30/2015,4.4167,3.9342,4.0442
10/1/2015,4.4155,3.961,4.0474
10/2/2015,4.413,3.9536,4.0408
10/5/2015,4.4194,3.9176,4.0397
10/6/2015,4.4161,3.9377,4.0422
10/7/2015,4.4167,3.9307,4.0606
10/8/2015,4.4172,3.9073,4.0412
10/9/2015,4.4145,3.8911,4.0444
10/12/2015,4.4156,3.8752,4.0358
10/13/2015,4.4163,3.8785,4.0409
10/14/2015,4.4171,3.8718,4.0474
10/15/2015,4.4142,3.8569,4.063
10/16/2015,4.4158,3.8861,4.0774
10/19/2015,4.4182,3.8985,4.08
10/20/2015,4.425,3.8927,4.0934
10/21/2015,4.4295,3.9009,4.0754
10/22/2015,4.4291,3.9147,4.0658
10/23/2015,4.4259,3.9835,4.0933
10/26/2015,4.4343,4.0171,4.0994
10/27/2015,4.4366,4.0134,4.08
10/28/2015,4.4311,4.0071,4.0742
10/29/2015,4.4314,4.0403,4.0837
10/30/2015,4.4322,4.0252,4.0778
11/2/2015,4.4367,4.024,4.082
11/3/2015,4.4318,4.037,4.0844
11/4/2015,4.4462,4.0711,4.1098
11/5/2015,4.4459,4.094,4.108
11/6/2015,4.4523,4.0958,4.1139
11/9/2015,4.458,4.1329,4.1211
11/10/2015,4.4562,4.1494,4.1343
11/11/2015,4.4434,4.1357,4.1144
11/12/2015,4.4398,4.1408,4.1226
11/13/2015,4.4412,4.1223,4.1153
11/16/2015,4.4377,4.1385,4.1122
11/17/2015,4.44,4.163,4.1151
11/18/2015,4.4458,4.1655,4.1093
11/19/2015,4.4425,4.153,4.0796
11/20/2015,4.4439,4.1516,4.0971
11/23/2015,4.4484,4.1875,4.1062
11/24/2015,4.4509,4.1773,4.1062
11/25/2015,4.4442,4.1911,4.1064
11/26/2015,4.4386,4.1836,4.0843
11/27/2015,4.446,4.1975,4.0725
12/2/2015,4.4604,4.2129,4.1026
12/3/2015,4.4589,4.222,4.1235
12/4/2015,4.4693,4.1167,4.112
12/7/2015,4.4739,4.1392,4.1308
12/8/2015,4.4821,4.1317,4.1396
12/9/2015,4.4873,4.1049,4.1445
12/10/2015,4.5025,4.1166,4.1619
12/11/2015,4.5297,4.1326,4.1822
12/14/2015,4.5085,4.1143,4.1801
12/15/2015,4.5005,4.0865,4.1569
12/16/2015,4.5036,4.1247,4.1665
12/17/2015,4.4994,4.1456,4.1571
12/18/2015,4.5145,4.1722,4.1904
12/21/2015,4.5105,4.1529,4.1706
12/22/2015,4.5163,4.1299,4.1704
12/23/2015,4.5203,4.1366,4.1797
12/24/2015,4.5297,4.1331,4.1918
12/28/2015,4.5257,4.119,4.1725
12/29/2015,4.5381,4.1359,4.1839
12/30/2015,4.5285,4.1449,4.1807
12/31/2015,4.5245,4.1477,4.1797
1/4/2016,4.5169,4.14,4.1544
1/5/2016,4.524,4.1982,4.173
1/6/2016,4.5217,4.2141,4.1723
1/7/2016,4.5275,4.1747,4.1665
1/8/2016,4.5273,4.1648,4.164
1/11/2016,4.527,4.1557,4.1695
1/12/2016,4.5333,4.1787,4.1732
1/13/2016,4.5283,4.1884,4.1588
1/14/2016,4.538,4.157,4.1437
1/15/2016,4.5362,4.1573,4.1428
1/18/2016,4.536,4.1649,4.1432
1/19/2016,4.5349,4.1704,4.1392
1/20/2016,4.5324,4.1464,4.1392
1/21/2016,4.532,4.1614,4.1326
1/22/2016,4.5274,4.177,4.1337
1/25/2016,4.5264,4.1826,4.1228
1/26/2016,4.5325,4.1859,4.1218
1/27/2016,4.5328,4.1675,4.1047
1/28/2016,4.5386,4.166,4.1057
1/29/2016,4.5337,4.1525,4.082
2/1/2016,4.532,4.1723,4.0838
2/2/2016,4.5098,4.1344,4.047
2/3/2016,4.5137,4.1296,4.0633
2/4/2016,4.5086,4.032,4.0279
2/5/2016,4.5013,4.024,4.0583
2/8/2016,4.4763,4.0081,4.0434
2/9/2016,4.4907,4.0067,4.0867
2/10/2016,4.4852,3.987,4.091
2/11/2016,4.4826,3.963,4.0844
2/12/2016,4.4744,3.9623,4.0675
2/15/2016,4.471,3.9925,4.0607
2/16/2016,4.4637,3.994,4.046
2/17/2016,4.4585,4.0064,4.0412
2/18/2016,4.4569,4.006,4.0336
2/19/2016,4.4658,4.0231,4.0457
2/22/2016,4.4773,4.046,4.0682
2/23/2016,4.4715,4.0606,4.0864
2/24/2016,4.4765,4.0758,4.1088
2/25/2016,4.4691,4.0558,4.0939
2/26/2016,4.4634,4.0523,4.0842
2/29/2016,4.4692,4.097,4.0966
3/1/2016,4.4655,4.1051,4.1053
3/2/2016,4.4586,4.1065,4.1125
3/3/2016,4.4576,4.0986,4.1097
3/4/2016,4.4678,4.069,4.1036
3/7/2016,4.4626,4.0747,4.0764
3/8/2016,4.4634,4.0536,4.0831
3/9/2016,4.4629,4.0733,4.0629
3/10/2016,4.4608,4.0623,4.0749
3/11/2016,4.4624,4.0216,4.0715
3/14/2016,4.4674,4.0221,4.0715
3/15/2016,4.4705,4.0351,4.0799
3/16/2016,4.4775,4.0387,4.0833
3/17/2016,4.4765,3.9519,4.0764
3/18/2016,4.47,3.9654,4.0895
3/21/2016,4.4672,3.9619,4.0854
3/22/2016,4.4694,3.9848,4.1053
3/23/2016,4.4641,3.9876,4.097
3/24/2016,4.4655,3.9974,4.1015
3/25/2016,4.4639,3.9947,4.0927
3/28/2016,4.4619,3.9963,4.0907
3/29/2016,4.4634,3.9866,4.0996
3/30/2016,4.4582,3.9404,4.0854
3/31/2016,4.4738,3.9349,4.0872
4/1/2016,4.4714,3.9206,4.0866
4/4/2016,4.4671,3.9302,4.0913
4/5/2016,4.4669,3.9321,4.1005
4/6/2016,4.4658,3.9322,4.0946
4/7/2016,4.4668,3.9186,4.1016
4/8/2016,4.4664,3.9248,4.1046
4/11/2016,4.4668,3.9246,4.1027
4/12/2016,4.4711,3.9141,4.11
4/13/2016,4.4696,3.9488,4.1068
4/14/2016,4.4715,3.9727,4.1085
4/15/2016,4.4731,3.972,4.1053
4/18/2016,4.4777,3.9599,4.1027
4/19/2016,4.4812,3.9536,4.105
4/20/2016,4.4854,3.9434,4.1047
4/21/2016,4.4789,3.9638,4.0795
4/22/2016,4.477,3.9704,4.0661
4/25/2016,4.4771,3.9807,4.0814
4/26/2016,4.4794,3.97,4.0738
4/27/2016,4.4649,3.9505,4.0601
4/28/2016,4.4721,3.9374,4.0717
4/29/2016,4.4774,3.9348,4.0843
5/3/2016,4.4875,3.8697,4.0894
5/4/2016,4.4919,3.9101,4.0904
5/5/2016,4.5021,3.9366,4.0908
5/6/2016,4.5013,3.9402,4.0741
5/9/2016,4.4869,3.9352,4.0611
5/10/2016,4.4884,3.9424,4.0518
5/11/2016,4.491,3.9405,4.0472
5/12/2016,4.4957,3.9398,4.065
5/13/2016,4.4974,3.9632,4.078
5/16/2016,4.4882,3.9671,4.0612
5/17/2016,4.4864,3.9608,4.0485
5/18/2016,4.4955,3.9871,4.0557
5/19/2016,4.5025,4.0126,4.0656
5/20/2016,4.5063,4.0161,4.055
5/23/2016,4.5194,4.031,4.0702
5/24/2016,4.5114,4.034,4.0678
5/25/2016,4.5061,4.0417,4.0783
5/26/2016,4.5059,4.0291,4.0669
5/27/2016,4.5074,4.0318,4.0697
5/30/2016,4.5039,4.0452,4.0743
5/31/2016,4.5115,4.0491,4.0858
6/1/2016,4.5146,4.045,4.0828
6/2/2016,4.5216,4.0361,4.0895
6/3/2016,4.5189,4.0559,4.0901
6/6/2016,4.5177,3.9807,4.0842
6/7/2016,4.5078,3.9652,4.1055
6/8/2016,4.507,3.9636,4.1154
6/9/2016,4.5125,3.9726,4.1318
6/10/2016,4.511,3.9938,4.1395
6/13/2016,4.5178,4.0115,4.1541
6/14/2016,4.5218,4.033,4.1731
6/15/2016,4.5325,4.0379,4.1838
6/16/2016,4.5396,4.0348,4.195
6/17/2016,4.5341,4.0307,4.1849
6/21/2016,4.533,3.9968,4.1677
6/22/2016,4.532,4.0147,4.1853
6/23/2016,4.5179,3.9699,4.1655
6/24/2016,4.5366,4.0766,4.1791
6/27/2016,4.5152,4.0924,4.199
6/28/2016,4.5225,4.0791,4.1674
6/29/2016,4.522,4.0871,4.1656
6/30/2016,4.521,4.0624,4.1572
7/1/2016,4.5148,4.0639,4.1667
7/4/2016,4.5164,4.059,4.1643
7/5/2016,4.5157,4.0494,4.1715
7/6/2016,4.5199,4.0891,4.1756
7/7/2016,4.5188,4.0725,4.1711
7/8/2016,4.5157,4.0811,4.1644
7/11/2016,4.4942,4.074,4.1366
7/12/2016,4.49,4.0414,4.1191
7/13/2016,4.4911,4.0563,4.1144
7/14/2016,4.4884,4.04,4.1195
7/15/2016,4.4858,4.0271,4.1137
7/18/2016,4.4706,4.0474,4.1141
7/19/2016,4.4737,4.0442,4.1158
7/20/2016,4.4727,4.0631,4.114
7/21/2016,4.47,4.0524,4.1102
7/22/2016,4.4612,4.0459,4.1051
7/25/2016,4.4444,4.0459,4.1045
7/26/2016,4.4633,4.0517,4.1153
7/27/2016,4.4687,4.0634,4.089
7/28/2016,4.4615,4.0219,4.0881
7/29/2016,4.4654,4.0203,4.1184
8/1/2016,4.4555,3.9879,4.1196
8/2/2016,4.4546,3.9782,4.1176
8/3/2016,4.4524,3.9771,4.1068
8/4/2016,4.4564,4.004,4.109
8/5/2016,4.4638,4.0045,4.112
8/8/2016,4.4572,4.0184,4.0946
8/9/2016,4.4578,4.0206,4.0892
8/10/2016,4.4576,3.9878,4.0826
8/11/2016,4.4605,4.0013,4.1026
8/12/2016,4.4592,4,4.0991
8/16/2016,4.458,3.9544,4.1082
8/17/2016,4.4732,3.9691,4.1237
8/18/2016,4.4757,3.9559,4.1258
8/19/2016,4.4679,3.9483,4.1245
8/22/2016,4.461,3.9492,4.1015
8/23/2016,4.4585,3.9351,4.0917
8/24/2016,4.4606,3.9541,4.103
8/25/2016,4.4549,3.945,4.091
8/26/2016,4.4568,3.9458,4.0849
8/29/2016,4.4621,3.9894,4.0808
8/30/2016,4.4488,3.9835,4.0649
8/31/2016,4.4535,3.9945,4.0614
9/1/2016,4.4555,3.9988,4.0602
9/2/2016,4.4559,3.987,4.0654
9/5/2016,4.4469,3.9822,4.0696
9/6/2016,4.4514,3.9869,4.0708
9/7/2016,4.4515,3.9601,4.0862
9/8/2016,4.4526,3.9486,4.0769
9/9/2016,4.4518,3.95,4.0587
9/12/2016,4.4501,3.9669,4.0661
9/13/2016,4.4488,3.9642,4.0742
9/14/2016,4.4486,3.9628,4.0614
9/15/2016,4.4471,3.9549,4.0611
9/16/2016,4.4519,3.9634,4.0714
9/19/2016,4.4464,3.981,4.0597
9/20/2016,4.4534,3.9812,4.0739
9/21/2016,4.4509,3.9933,4.0866
9/22/2016,4.4503,3.9611,4.0847
9/23/2016,4.447,3.9652,4.0875
9/26/2016,4.4504,3.9589,4.0865
9/27/2016,4.4495,3.9567,4.0849
9/28/2016,4.4493,3.966,4.0823
9/29/2016,4.4514,3.9688,4.0874
9/30/2016,4.4523,3.9822,4.1041
10/3/2016,4.4484,3.9591,4.0764
10/4/2016,4.4576,3.9957,4.0768
10/5/2016,4.4627,3.975,4.0694
10/6/2016,4.4737,4.0012,4.0919
10/7/2016,4.4949,4.0411,4.116
10/10/2016,4.5175,4.0436,4.1265
10/11/2016,4.489,4.0407,4.0975
10/12/2016,4.4961,4.079,4.1209
10/13/2016,4.5059,4.0887,4.1367
10/14/2016,4.5016,4.0862,4.1312
10/17/2016,4.5113,4.1034,4.1519
10/18/2016,4.5086,4.0941,4.1418
10/19/2016,4.5007,4.0927,4.1416
10/20/2016,4.5046,4.1085,4.1527
10/21/2016,4.5068,4.1343,4.1585
10/24/2016,4.5057,4.1396,4.1629
10/25/2016,4.4909,4.126,4.1507
10/26/2016,4.4955,4.116,4.1519
10/27/2016,4.5037,4.1263,4.1564
10/28/2016,4.4978,4.1238,4.1452
10/31/2016,4.5057,4.1131,4.1598
11/1/2016,4.5056,4.0954,4.1574
11/2/2016,4.504,4.0652,4.1787
11/3/2016,4.4993,4.0569,4.1703
11/4/2016,4.5015,4.0572,4.1665
11/7/2016,4.4987,4.0639,4.1622
11/8/2016,4.5072,4.0811,4.1801
11/9/2016,4.51,4.0643,4.1732
11/10/2016,4.5,4.1283,4.1824
11/11/2016,4.5125,4.1469,4.2041
11/14/2016,4.5158,4.1957,4.2139
11/15/2016,4.5146,4.1844,4.2018
11/16/2016,4.5218,4.2246,4.2071
11/17/2016,4.5195,4.212,4.2126
11/18/2016,4.5145,4.2523,4.2182
11/21/2016,4.511,4.2405,4.2043
11/22/2016,4.5103,4.2418,4.2009
11/23/2016,4.515,4.2496,4.2078
11/24/2016,4.5093,4.2659,4.199
11/25/2016,4.5147,4.2602,4.207
11/28/2016,4.5124,4.2432,4.1966
11/29/2016,4.5162,4.2616,4.199
12/2/2016,4.5125,4.2393,4.1887
12/5/2016,4.5027,4.2303,4.1705
12/6/2016,4.5008,4.1782,4.1492
12/7/2016,4.5007,4.198,4.1548
12/8/2016,4.502,4.1722,4.1514
12/9/2016,4.4985,4.2391,4.1693
12/12/2016,4.5067,4.253,4.1862
12/13/2016,4.5075,4.2486,4.1932
12/14/2016,4.5167,4.2448,4.1996
12/15/2016,4.5202,4.3146,4.2015
12/16/2016,4.521,4.3263,4.2085
12/19/2016,4.5125,4.3209,4.2102
12/20/2016,4.5194,4.3502,4.2287
12/21/2016,4.5195,4.3442,4.2258
12/22/2016,4.5165,4.3138,4.2153
12/23/2016,4.5309,4.3368,4.2266
12/27/2016,4.5363,4.3397,4.2224
12/28/2016,4.5409,4.3504,4.2322
12/29/2016,4.5402,4.3356,4.2374
12/30/2016,4.5411,4.3033,4.2245
1/3/2017,4.5175,4.3408,4.221
1/4/2017,4.5182,4.3319,4.221
1/5/2017,4.511,4.2984,4.2151
1/6/2017,4.5069,4.2518,4.2062
1/9/2017,4.5024,4.2827,4.2008
1/10/2017,4.4971,4.2458,4.191
1/11/2017,4.4949,4.2725,4.1893
1/12/2017,4.4938,4.2279,4.19
1/13/2017,4.492,4.2204,4.1858
1/16/2017,4.5064,4.2559,4.2031
1/17/2017,4.5048,4.2225,4.204
1/18/2017,4.498,4.2098,4.1982
1/19/2017,4.4927,4.2161,4.1896
1/20/2017,4.4955,4.2279,4.1918
1/23/2017,4.4973,4.188,4.1947
1/25/2017,4.4939,4.1792,4.1852
1/26/2017,4.4983,4.1966,4.1985
1/27/2017,4.5077,4.2189,4.2177
1/30/2017,4.5006,4.2075,4.2131
1/31/2017,4.5038,4.2072,4.2267
2/1/2017,4.524,4.1935,4.235
2/2/2017,4.5337,4.1942,4.2444
2/3/2017,4.5156,4.2033,4.2188
2/6/2017,4.5095,4.1994,4.2182
2/7/2017,4.4916,4.2113,4.2139
2/8/2017,4.4888,4.2168,4.2196
2/9/2017,4.4956,4.204,4.2236
2/10/2017,4.5006,4.2283,4.2186
2/13/2017,4.5019,4.2327,4.2198
2/14/2017,4.5048,4.2426,4.2233
2/15/2017,4.5071,4.2736,4.2354
2/16/2017,4.5226,4.2544,4.2476
2/17/2017,4.5194,4.2442,4.2486
2/20/2017,4.5244,4.2591,4.2493
2/21/2017,4.5157,4.2854,4.2443
2/22/2017,4.5217,4.3066,4.2519
2/23/2017,4.519,4.2856,4.2434
2/24/2017,4.5169,4.2669,4.241
2/27/2017,4.5115,4.2595,4.2324
2/28/2017,4.516,4.261,4.2416
3/1/2017,4.52,4.2892,4.2483
3/2/2017,4.5218,4.294,4.2492
3/3/2017,4.5328,4.3012,4.253
3/6/2017,4.5323,4.2804,4.2384
3/7/2017,4.5362,4.2906,4.2296
3/8/2017,4.5512,4.3105,4.2541
3/9/2017,4.5456,4.3037,4.2433
3/10/2017,4.5505,4.2885,4.2391
3/13/2017,4.5538,4.2673,4.2343
3/14/2017,4.5515,4.2783,4.2424
3/15/2017,4.5429,4.2781,4.2388
3/16/2017,4.5509,4.2454,4.2506
3/17/2017,4.5654,4.2396,4.2598
3/20/2017,4.5627,4.2418,4.2513
3/21/2017,4.5634,4.2254,4.2421
3/22/2017,4.5631,4.2286,4.2568
3/23/2017,4.5555,4.2229,4.2545
3/24/2017,4.5552,4.2149,4.253
3/27/2017,4.55,4.187,4.2529
3/28/2017,4.5514,4.1912,4.2536
3/29/2017,4.5575,4.2232,4.2496
3/30/2017,4.5446,4.2325,4.2487
3/31/2017,4.5511,4.2615,4.2563
4/3/2017,4.5501,4.2668,4.2562
4/4/2017,4.5452,4.2666,4.2546
4/5/2017,4.5416,4.2582,4.2459
4/6/2017,4.5262,4.243,4.2254
4/7/2017,4.5241,4.253,4.2307
4/10/2017,4.5152,4.2677,4.2267
4/11/2017,4.5133,4.2548,4.2267
4/12/2017,4.5219,4.2611,4.2326
4/13/2017,4.5182,4.2454,4.2283
4/14/2017,4.5231,4.2576,4.2377
4/18/2017,4.5188,4.2404,4.2281
4/19/2017,4.5286,4.2246,4.2405
4/20/2017,4.5407,4.2178,4.2383
4/21/2017,4.5441,4.2456,4.2498
4/24/2017,4.534,4.1702,4.1952
4/25/2017,4.525,4.1556,4.1751
4/26/2017,4.5355,4.162,4.1842
4/27/2017,4.5289,4.1565,4.1832
4/28/2017,4.5333,4.1453,4.1837
5/2/2017,4.5468,4.1641,4.1896
5/3/2017,4.5485,4.1691,4.2129
5/4/2017,4.5448,4.1581,4.194
5/5/2017,4.5467,4.1479,4.1977
5/8/2017,4.5467,4.1576,4.1845
5/9/2017,4.5507,4.174,4.1671
5/10/2017,4.5481,4.1876,4.1564
5/11/2017,4.5505,4.1865,4.1525
5/12/2017,4.5443,4.18,4.1483
5/15/2017,4.5499,4.1521,4.1603
5/16/2017,4.5476,4.117,4.154
5/17/2017,4.5539,4.1039,4.1712
5/18/2017,4.5729,4.114,4.1971
5/19/2017,4.5616,4.0858,4.1857
5/22/2017,4.56,4.0774,4.1875
5/23/2017,4.5583,4.0489,4.1729
5/24/2017,4.5512,4.0714,4.1668
5/25/2017,4.5496,4.0533,4.168
5/26/2017,4.5573,4.0641,4.186
5/29/2017,4.5637,4.0822,4.1875
5/30/2017,4.5636,4.09,4.1858
5/31/2017,4.5702,4.0844,4.1977
6/2/2017,4.5659,4.0691,4.1897
6/6/2017,4.5655,4.0591,4.2084
6/7/2017,4.5675,4.0528,4.2095
6/8/2017,4.5698,4.066,4.2039
6/9/2017,4.5611,4.0795,4.1974
6/12/2017,4.5614,4.0654,4.2019
6/13/2017,4.5661,4.0743,4.2117
6/14/2017,4.5667,4.0752,4.2029
6/15/2017,4.5872,4.1082,4.2164
6/16/2017,4.5812,4.0999,4.2105
6/19/2017,4.5859,4.0984,4.2167
6/20/2017,4.5957,4.1189,4.2327
6/21/2017,4.5987,4.1287,4.2371
6/22/2017,4.5915,4.1096,4.224
6/23/2017,4.5673,4.0905,4.2091
6/26/2017,4.5733,4.0906,4.2046
6/27/2017,4.563,4.0522,4.1937
6/28/2017,4.5563,4.0114,4.1753
6/29/2017,4.5503,3.9857,4.161
6/30/2017,4.5539,3.9915,4.1655
7/3/2017,4.556,4.0049,4.1655
7/4/2017,4.5788,4.0361,4.1806
7/5/2017,4.5868,4.0512,4.1858
7/6/2017,4.5869,4.0365,4.1857
7/7/2017,4.587,4.017,4.1776
7/10/2017,4.5684,4.0107,4.154
7/11/2017,4.568,4.0093,4.1386
7/12/2017,4.5718,3.9925,4.1436
7/13/2017,4.5625,4.0069,4.1494
7/14/2017,4.5645,3.9992,4.125
7/17/2017,4.5619,3.9816,4.1346
7/18/2017,4.5595,3.9476,4.1343
7/19/2017,4.568,3.9617,4.1544
7/20/2017,4.5654,3.9685,4.1434
7/21/2017,4.5737,3.9269,4.1326
7/24/2017,4.5656,3.9166,4.1455
7/25/2017,4.5617,3.9136,4.1301
7/26/2017,4.5628,3.9248,4.1008
7/27/2017,4.5656,3.8936,4.0643
7/28/2017,4.5558,3.8912,4.007
7/31/2017,4.5598,3.8873,4.0065
8/1/2017,4.5577,3.8569,3.9976
8/2/2017,4.5586,3.8492,3.9674
8/3/2017,4.5632,3.8524,3.974
8/4/2017,4.5634,3.8417,3.969
8/7/2017,4.5657,3.8702,3.9745
8/8/2017,4.5635,3.8643,3.9722
8/9/2017,4.5687,3.8909,4.0354
8/10/2017,4.575,3.9057,4.0438
8/11/2017,4.578,3.895,4.0508
8/14/2017,4.571,3.8741,4.0053
8/16/2017,4.5737,3.8993,4.0082
8/17/2017,4.5816,3.9104,4.0432
8/18/2017,4.5883,3.9066,4.0606
8/21/2017,4.5881,3.9079,4.0379
8/22/2017,4.5867,3.9006,4.0378
8/23/2017,4.5873,3.8951,4.0217
8/24/2017,4.5886,3.8923,4.033
8/25/2017,4.5869,3.887,4.0363
8/28/2017,4.5958,3.8513,4.0387
8/29/2017,4.5985,3.8198,4.0428
8/30/2017,4.5943,3.8446,4.0214
8/31/2017,4.5906,3.8654,4.0038
9/1/2017,4.5945,3.863,4.0227
9/4/2017,4.5949,3.8558,4.0281
9/5/2017,4.5959,3.8697,4.032
9/6/2017,4.5985,3.8536,4.0371
9/7/2017,4.598,3.8381,4.03
9/8/2017,4.5983,3.8116,4.0239
9/11/2017,4.5978,3.828,4.0319
9/12/2017,4.5983,3.8455,4.0162
9/13/2017,4.5986,3.8421,4.0014
9/14/2017,4.5984,3.8657,3.9984
9/15/2017,4.598,3.8516,4.0071
9/18/2017,4.5982,3.8492,4.0113
9/19/2017,4.599,3.8373,3.9823
9/20/2017,4.5989,3.8275,3.9885
9/21/2017,4.5987,3.8593,3.9685
9/22/2017,4.595,3.8316,3.9559
9/25/2017,4.5965,3.867,3.9747
9/26/2017,4.599,3.8912,4.0091
9/27/2017,4.5991,3.9171,4.0183
9/28/2017,4.599,3.9069,4.0126
9/29/2017,4.5991,3.8977,4.013
10/2/2017,4.5871,3.9086,4.0259
10/3/2017,4.586,3.905,4.003
10/4/2017,4.5772,3.8928,3.9988
10/5/2017,4.5782,3.8904,3.9857
10/6/2017,4.5775,3.9107,3.9931
10/9/2017,4.578,3.899,3.9862
10/10/2017,4.5729,3.8803,3.9728
10/11/2017,4.5854,3.8831,3.9826
10/12/2017,4.5915,3.8732,3.9731
10/13/2017,4.5889,3.88,3.9781
10/16/2017,4.5854,3.8887,3.9851
10/17/2017,4.5802,3.8939,3.9868
10/18/2017,4.5841,3.9032,3.9799
10/19/2017,4.5921,3.8901,3.9774
10/20/2017,4.5975,3.8945,3.9646
10/23/2017,4.5988,3.9154,3.9684
10/24/2017,4.5978,3.9105,3.9658
10/25/2017,4.5976,3.9072,3.9324
10/26/2017,4.5975,3.8935,3.9303
10/27/2017,4.598,3.9531,3.9534
10/30/2017,4.5974,3.9512,3.9607
10/31/2017,4.5985,3.9533,3.9589
11/1/2017,4.5984,3.9512,3.9503
11/2/2017,4.5981,3.9479,3.9499
11/3/2017,4.5942,3.9454,3.9491
11/6/2017,4.592,3.9564,3.9511
11/7/2017,4.5968,3.9746,3.9742
11/8/2017,4.6198,3.981,3.9869
11/9/2017,4.6279,3.9865,3.987
11/10/2017,4.639,3.9803,4.0078
11/13/2017,4.6495,3.9913,4.0063
11/14/2017,4.6482,3.9671,3.9876
11/15/2017,4.6306,3.9108,3.9654
11/16/2017,4.6387,3.9394,3.973
11/17/2017,4.64,3.9322,3.9662
11/20/2017,4.6469,3.9414,3.9833
11/21/2017,4.6551,3.965,3.996
11/22/2017,4.6497,3.9565,3.9987
11/23/2017,4.6546,3.9306,4.0083
11/24/2017,4.6536,3.9215,3.9971
11/27/2017,4.6431,3.8897,3.9629
11/28/2017,4.6416,3.9066,3.9748
11/29/2017,4.6422,3.9188,3.9808
12/4/2017,4.6334,3.911,3.9743
12/5/2017,4.6344,3.9053,3.9637
12/6/2017,4.6321,3.9175,3.9631
12/7/2017,4.6327,3.9327,3.9662
12/8/2017,4.6315,3.9449,3.956
12/11/2017,4.6332,3.9274,3.9629
12/12/2017,4.6362,3.9368,3.9746
12/13/2017,4.6327,3.9431,3.9757
12/14/2017,4.6332,3.9185,3.9642
12/15/2017,4.6346,3.9285,3.9729
12/18/2017,4.626,3.9243,3.9689
12/19/2017,4.621,3.913,3.9715
12/20/2017,4.6276,3.9066,3.9594
12/21/2017,4.6363,3.9051,3.9564
12/22/2017,4.6401,3.9155,3.9569
12/27/2017,4.6515,3.9133,3.9525
12/28/2017,4.6507,3.8995,3.9751
12/29/2017,4.6597,3.8915,3.99
1/3/2018,4.6412,3.8603,3.9623
1/4/2018,4.6304,3.8425,3.9389
1/5/2018,4.6365,3.8484,3.9394
1/8/2018,4.6348,3.8598,3.9504
1/9/2018,4.6571,3.9039,3.9718
1/10/2018,4.6434,3.87,3.9618
1/11/2018,4.6374,3.8821,3.9655
1/12/2018,4.6377,3.8247,3.9408
1/15/2018,4.6256,3.7686,3.9178
1/16/2018,4.6599,3.8182,3.9533
1/17/2018,4.6573,3.8067,3.9531
1/18/2018,4.6514,3.8054,3.9608
1/19/2018,4.6614,3.7984,3.9727
1/22/2018,4.6656,3.8059,3.9621
1/23/2018,4.6679,3.8116,3.9611
1/25/2018,4.6665,3.7595,3.9914
1/26/2018,4.6658,3.7436,4.0093
1/29/2018,4.654,3.7472,4.0046
1/30/2018,4.6474,3.7416,4.0104
1/31/2018,4.6582,3.7442,4.0166
2/1/2018,4.6551,3.7443,4.0156
2/2/2018,4.6526,3.7266,4.0065
2/5/2018,4.6347,3.717,3.9975
2/6/2018,4.6423,3.7433,4.0046
2/7/2018,4.6538,3.7705,4.011
2/8/2018,4.6533,3.8025,4.0203
2/9/2018,4.6561,3.7984,4.0511
2/12/2018,4.6534,3.7919,4.0447
2/13/2018,4.6572,3.7738,4.0413
2/14/2018,4.6588,3.7711,4.0395
2/15/2018,4.6598,3.7337,4.0332
2/16/2018,4.6595,3.7306,4.0452
2/19/2018,4.6609,3.753,4.0471
2/20/2018,4.6623,3.778,4.0408
2/21/2018,4.6606,3.7828,4.0372
2/22/2018,4.6539,3.7867,4.0377
2/23/2018,4.6552,3.7813,4.0473
2/26/2018,4.6613,3.7733,4.0426
2/27/2018,4.6564,3.7782,4.0317
2/28/2018,4.6625,3.8133,4.0471
3/1/2018,4.6581,3.8209,4.0409
3/2/2018,4.659,3.7917,4.0451
3/5/2018,4.6598,3.7829,4.0399
3/6/2018,4.6596,3.7745,4.0146
3/7/2018,4.6597,3.7463,3.9955
3/8/2018,4.6592,3.7635,3.9807
3/9/2018,4.657,3.7865,3.9848
3/12/2018,4.6616,3.7864,3.9861
3/13/2018,4.6607,3.7771,3.9871
3/14/2018,4.6622,3.7691,3.9873
3/15/2018,4.662,3.7715,3.989
3/16/2018,4.6646,3.7833,3.986
3/19/2018,4.665,3.793,3.9829
3/20/2018,4.6655,3.7891,3.9781
3/21/2018,4.6651,3.8002,3.9842
3/22/2018,4.6659,3.7891,4.002
3/23/2018,4.6651,3.7841,3.9936
3/26/2018,4.6594,3.7533,3.969
3/27/2018,4.6502,3.7453,3.9549
3/28/2018,4.6557,3.7576,3.952
3/29/2018,4.6569,3.7819,3.9494
3/30/2018,4.6576,3.7779,3.9632
4/2/2018,4.6548,3.7746,3.96
4/3/2018,4.6585,3.7842,3.9625
4/4/2018,4.6598,3.7909,3.9589
4/5/2018,4.6615,3.7965,3.9539
4/10/2018,4.6605,3.7824,3.9561
4/11/2018,4.66,3.7657,3.932
4/12/2018,4.6617,3.7766,3.9268
4/13/2018,4.6611,3.7778,3.9301
4/16/2018,4.6507,3.76,3.9172
4/17/2018,4.6485,3.7588,3.9061
4/18/2018,4.653,3.762,3.8854
4/19/2018,4.6579,3.7656,3.8879
4/20/2018,4.6606,3.7886,3.8902
4/23/2018,4.6563,3.8076,3.8976
4/24/2018,4.6516,3.812,3.8973
4/25/2018,4.6474,3.8065,3.8777
4/26/2018,4.649,3.816,3.8808
4/27/2018,4.6618,3.8596,3.8983
4/30/2018,4.6589,3.8479,3.8917
5/2/2018,4.663,3.8839,3.9052
5/3/2018,4.6618,3.8861,3.8986
5/4/2018,4.6569,3.8936,3.9007
5/7/2018,4.6542,3.9026,3.8871
5/8/2018,4.6496,3.9148,3.9025
5/9/2018,4.6454,3.917,3.9057
5/10/2018,4.6397,3.9065,3.8942
5/11/2018,4.6348,3.8843,3.8806
5/14/2018,4.6289,3.864,3.8643
5/15/2018,4.6283,3.8797,3.88
5/16/2018,4.6338,3.9251,3.9233
5/17/2018,4.6296,3.9229,3.9126
5/18/2018,4.6303,3.9308,3.9298
5/21/2018,4.6228,3.937,3.9375
5/22/2018,4.6225,3.9099,3.9274
5/23/2018,4.6292,3.9502,3.9869
5/24/2018,4.6243,3.9431,3.9779
5/25/2018,4.6288,3.9524,3.9799
5/29/2018,4.6397,4.0284,4.043
5/30/2018,4.6399,3.9958,4.0412
5/31/2018,4.6485,3.9734,4.0343
6/4/2018,4.6566,3.9713,4.0329
6/5/2018,4.6531,3.977,4.0334
6/6/2018,4.6513,3.9535,4.0075
6/7/2018,4.6564,3.9379,4.0128
6/8/2018,4.6582,3.9589,4.0277
6/11/2018,4.6586,3.9518,4.0067
6/12/2018,4.6587,3.9497,4.0139
6/13/2018,4.6647,3.9701,4.0183
6/14/2018,4.6656,3.9462,4.0129
6/15/2018,4.6618,4.0162,4.029
6/18/2018,4.6662,4.024,4.036
6/19/2018,4.6663,4.042,4.0578
6/20/2018,4.666,4.0348,4.0467
6/21/2018,4.6695,4.0518,4.0627
6/22/2018,4.6686,4.0026,4.0461
6/25/2018,4.6665,4.0058,4.0527
6/26/2018,4.662,3.9981,4.0397
6/27/2018,4.6537,3.9999,4.0325
6/28/2018,4.6569,4.0267,4.0354
6/29/2018,4.6611,4.0033,4.034
7/2/2018,4.661,4.0043,4.0324
7/3/2018,4.6554,3.9909,4.0232
7/4/2018,4.6617,4.0071,4.0349
7/5/2018,4.6619,3.9898,4.017
7/6/2018,4.6616,3.9821,4.012
7/9/2018,4.659,3.9604,4.0103
7/10/2018,4.6587,3.9738,4.0021
7/11/2018,4.6607,3.9804,4.0032
7/12/2018,4.6596,3.9902,4.0022
7/13/2018,4.6589,4.0064,3.99
7/16/2018,4.655,3.9774,3.9781
7/17/2018,4.6572,3.9685,3.9935
7/18/2018,4.6541,4.0032,4.0013
7/19/2018,4.6549,4.0128,4.0037
7/20/2018,4.6562,3.9954,4.0019
7/23/2018,4.6512,3.9767,4.0078
7/24/2018,4.6367,3.9677,3.9911
7/25/2018,4.6282,3.9551,3.9909
7/26/2018,4.6273,3.9502,3.9769
7/27/2018,4.6315,3.9844,3.9953
7/30/2018,4.6248,3.9572,3.986
7/31/2018,4.6283,3.9487,3.9942
8/1/2018,4.6255,3.961,3.9915
8/2/2018,4.6217,3.9799,4.0037
8/3/2018,4.6206,3.9908,4.0102
8/6/2018,4.625,4,4.0191
8/7/2018,4.6428,4.0055,4.0255
8/8/2018,4.6426,4.0024,4.0218
8/9/2018,4.6427,4.0039,4.0291
8/10/2018,4.6567,4.0594,4.0811
8/13/2018,4.6607,4.0937,4.1152
8/14/2018,4.659,4.0854,4.1212
8/16/2018,4.6586,4.0976,4.1247
8/17/2018,4.6569,4.0889,4.1043
8/20/2018,4.6483,4.0737,4.0891
8/21/2018,4.6434,4.032,4.0809
8/22/2018,4.6445,4.0077,4.0782
8/23/2018,4.649,4.0228,4.0867
8/24/2018,4.6377,4.0089,4.073
8/27/2018,4.6416,3.9959,4.0646
8/28/2018,4.6474,3.9723,4.0661
8/29/2018,4.6489,3.9852,4.0787
8/30/2018,4.643,3.9704,4.0927
8/31/2018,4.644,3.9789,4.1143
9/3/2018,4.6375,3.997,4.1191
9/4/2018,4.6321,4.0051,4.1121
9/5/2018,4.6369,4.0046,4.1091
9/6/2018,4.6383,3.9903,4.1134
9/7/2018,4.641,3.9875,4.1316
9/10/2018,4.6332,4.0019,4.1113
9/11/2018,4.6325,3.9946,4.1001
9/12/2018,4.6393,4.0011,4.1116
9/13/2018,4.6391,3.993,4.1165
9/14/2018,4.643,3.9669,4.1152
9/17/2018,4.6435,3.9865,4.1314
9/18/2018,4.6478,3.9793,4.1386
9/19/2018,4.6524,3.9764,4.1141
9/20/2018,4.6519,3.9743,4.1133
9/21/2018,4.6559,3.9517,4.1351
9/24/2018,4.6578,3.9575,4.1276
9/25/2018,4.6603,3.9613,4.0997
9/26/2018,4.6605,3.9612,4.0984
9/27/2018,4.6647,3.984,4.11
9/28/2018,4.6637,4.021,4.1248
10/1/2018,4.6596,4.011,4.0807
10/2/2018,4.6658,4.0507,4.1183
10/3/2018,4.6643,4.0326,4.0884
10/4/2018,4.6684,4.0591,4.0938
10/5/2018,4.6685,4.0631,4.0882
10/8/2018,4.6671,4.0651,4.0968
10/9/2018,4.6668,4.0705,4.0949
10/10/2018,4.6628,4.059,4.0896
10/11/2018,4.6674,4.0391,4.0826
10/12/2018,4.659,4.0221,4.0564
10/15/2018,4.6663,4.027,4.0863
10/16/2018,4.6677,4.0341,4.0786
10/17/2018,4.6667,4.0359,4.0684
10/18/2018,4.6658,4.0493,4.0769
10/19/2018,4.6669,4.0761,4.0936
10/22/2018,4.6671,4.0557,4.0659
10/23/2018,4.667,4.0662,4.0897
10/24/2018,4.659,4.0802,4.0919
10/25/2018,4.6622,4.0857,4.0932
10/26/2018,4.663,4.1067,4.1024
10/29/2018,4.6628,4.0898,4.0929
10/30/2018,4.6665,4.108,4.0986
10/31/2018,4.6668,4.1141,4.091
11/1/2018,4.6639,4.0998,4.0856
11/2/2018,4.6621,4.0733,4.0826
11/5/2018,4.6612,4.0952,4.0771
11/6/2018,4.664,4.0905,4.0718
11/7/2018,4.6617,4.0588,4.0751
11/8/2018,4.663,4.0825,4.072
11/9/2018,4.6588,4.1063,4.0799
11/12/2018,4.6586,4.1342,4.0964
11/13/2018,4.6599,4.1469,4.1011
11/14/2018,4.659,4.134,4.0924
11/15/2018,4.6635,4.1283,4.1007
11/16/2018,4.6639,4.1179,4.0856
11/19/2018,4.665,4.0855,4.098
11/20/2018,4.6662,4.0794,4.1096
11/21/2018,4.6644,4.0999,4.1189
11/22/2018,4.6553,4.0773,4.1003
11/23/2018,4.6584,4.1021,4.117
11/26/2018,4.6585,4.1001,4.1118
11/27/2018,4.6599,4.1194,4.1203
11/28/2018,4.658,4.1258,4.1314
11/29/2018,4.656,4.1008,4.1169
12/3/2018,4.6566,4.1042,4.1102
12/4/2018,4.6519,4.0776,4.1024
12/5/2018,4.6542,4.1053,4.1124
12/6/2018,4.6556,4.1091,4.1165
12/7/2018,4.648,4.0896,4.1136
12/10/2018,4.6495,4.0769,4.119
12/11/2018,4.6528,4.0873,4.1373
12/12/2018,4.6605,4.112,4.1368
12/13/2018,4.6485,4.0861,4.119
12/14/2018,4.654,4.1197,4.1341
12/17/2018,4.655,4.1067,4.1251
12/18/2018,4.6478,4.082,4.1177
12/19/2018,4.6571,4.0846,4.1124
12/20/2018,4.6598,4.061,4.1148
12/21/2018,4.6458,4.0688,4.1082
12/24/2018,4.6413,4.0686,4.0925
12/27/2018,4.6471,4.0744,4.1145
12/28/2018,4.6581,4.0616,4.138
12/31/2018,4.6639,4.0736,4.1404
1/3/2019,4.6656,4.1016,4.1529
1/4/2019,4.6647,4.092,4.1423
1/7/2019,4.6634,4.0766,4.1495
1/8/2019,4.667,4.0772,4.1584
1/9/2019,4.6722,4.0803,4.1614
1/10/2019,4.6764,4.0573,4.1537
1/11/2019,4.6782,4.0586,4.1309
1/14/2019,4.6771,4.0802,4.1524
1/15/2019,4.6822,4.0973,4.1553
1/16/2019,4.683,4.1063,4.1555
1/17/2019,4.689,4.1126,4.1453
1/18/2019,4.6975,4.1192,4.1441
1/21/2019,4.7081,4.1377,4.1501
1/22/2019,4.7142,4.1491,4.1621
1/23/2019,4.7569,4.1883,4.1946
1/25/2019,4.7648,4.2034,4.2213
1/28/2019,4.7628,4.1739,4.2076
1/29/2019,4.7601,4.16,4.193
1/30/2019,4.7555,4.16,4.1768
1/31/2019,4.7348,4.1265,4.1557
2/1/2019,4.7517,4.1433,4.1749
2/4/2019,4.7546,4.1532,4.1636
2/5/2019,4.744,4.1547,4.1507
2/6/2019,4.7427,4.1619,4.1626
2/7/2019,4.7391,4.1819,4.1719
2/8/2019,4.7445,4.185,4.1774
2/11/2019,4.7437,4.1969,4.1843
2/12/2019,4.7412,4.2023,4.1716
2/13/2019,4.7435,4.1917,4.1674
2/14/2019,4.7451,4.21,4.1743
2/15/2019,4.7383,4.2016,4.1734
2/18/2019,4.7401,4.185,4.1713
2/19/2019,4.748,4.1981,4.1805
2/20/2019,4.7576,4.1938,4.1895
2/21/2019,4.7559,4.1941,4.1867
2/22/2019,4.7619,4.1988,4.1953
2/25/2019,4.7594,4.1876,4.1939
2/26/2019,4.7617,4.1885,4.188
2/27/2019,4.7408,4.1591,4.1734
2/28/2019,4.7416,4.1584,4.18
3/1/2019,4.7433,4.1707,4.1753
3/4/2019,4.7397,4.1815,4.1769
3/5/2019,4.7506,4.1933,4.1913
3/6/2019,4.7473,4.201,4.1802
3/7/2019,4.7448,4.1943,4.1769
3/8/2019,4.741,4.2261,4.185
3/11/2019,4.7516,4.2257,4.1875
3/12/2019,4.7568,4.2215,4.1838
3/13/2019,4.7632,4.2175,4.192
3/14/2019,4.764,4.2131,4.1946
3/15/2019,4.7569,4.2031,4.1835
3/18/2019,4.7525,4.1872,4.1854
3/19/2019,4.7564,4.1881,4.189
3/20/2019,4.7607,4.1939,4.1976
3/21/2019,4.7558,4.1758,4.2011
3/22/2019,4.7509,4.1988,4.2187
3/25/2019,4.7538,4.2013,4.2284
3/26/2019,4.7564,4.2005,4.2296
3/27/2019,4.762,4.2209,4.2516
3/28/2019,4.7603,4.2312,4.2512
3/29/2019,4.7628,4.2434,4.2614
4/1/2019,4.7625,4.2371,4.2635
4/2/2019,4.7614,4.2499,4.2533
4/3/2019,4.7585,4.2296,4.2451
4/4/2019,4.7542,4.2354,4.2405
4/5/2019,4.7508,4.2303,4.2291
4/8/2019,4.7507,4.2277,4.2287
4/9/2019,4.7526,4.2157,4.2198
4/10/2019,4.7611,4.2223,4.2203
4/11/2019,4.7596,4.2201,4.2126
4/12/2019,4.7587,4.2071,4.2032
4/15/2019,4.7619,4.2072,4.199
4/16/2019,4.7599,4.2168,4.1939
4/17/2019,4.7622,4.2114,4.1761
4/18/2019,4.7619,4.2322,4.185
4/19/2019,4.7607,4.2327,4.1761
4/22/2019,4.7584,4.2306,4.1689
4/23/2019,4.7581,4.2268,4.1488
4/24/2019,4.756,4.2421,4.1644
4/25/2019,4.7581,4.2739,4.1831
4/30/2019,4.7582,4.244,4.1678
5/2/2019,4.7579,4.2468,4.1657
5/3/2019,4.7561,4.264,4.177
5/6/2019,4.7552,4.2482,4.1736
5/7/2019,4.7586,4.2486,4.1707
5/8/2019,4.7578,4.2471,4.1752
5/9/2019,4.7599,4.2526,4.177
5/10/2019,4.7584,4.2344,4.176
5/13/2019,4.7607,4.2357,4.1987
5/14/2019,4.7616,4.2367,4.2038
5/15/2019,4.7615,4.2506,4.2221
5/16/2019,4.7616,4.2452,4.2091
5/17/2019,4.7621,4.2658,4.2197
5/20/2019,4.7607,4.2653,4.2267
5/21/2019,4.7627,4.2726,4.2298
5/22/2019,4.7625,4.2638,4.2211
5/23/2019,4.7601,4.2755,4.2363
5/24/2019,4.7612,4.256,4.2429
5/27/2019,4.7601,4.2518,4.2288
5/28/2019,4.7619,4.2538,4.2383
5/29/2019,4.7607,4.2678,4.243
5/30/2019,4.7582,4.2709,4.2312
5/31/2019,4.7487,4.2591,4.2412
6/3/2019,4.745,4.2472,4.2512
6/4/2019,4.7348,4.2093,4.2364
6/5/2019,4.7295,4.1937,4.2279
6/6/2019,4.7183,4.1995,4.2224
6/7/2019,4.719,4.1887,4.2121
6/10/2019,4.7182,4.1747,4.2121
6/11/2019,4.7232,4.1724,4.2076
6/12/2019,4.7229,4.1696,4.2043
6/13/2019,4.7227,4.1833,4.212
6/14/2019,4.7228,4.1899,4.2095
6/18/2019,4.7249,4.2241,4.2222
6/19/2019,4.726,4.2193,4.2262
6/20/2019,4.7287,4.1834,4.2397
6/21/2019,4.7233,4.1795,4.2522
6/24/2019,4.7223,4.1455,4.2507
6/25/2019,4.7205,4.1484,4.2506
6/26/2019,4.7199,4.1541,4.2531
6/27/2019,4.7224,4.1521,4.2433
6/28/2019,4.7351,4.1587,4.2649
7/1/2019,4.7328,4.1804,4.2502
7/2/2019,4.7352,4.1838,4.2411
7/3/2019,4.7356,4.1943,4.2569
7/4/2019,4.724,4.1863,4.2438
7/5/2019,4.7245,4.1951,4.2485
7/8/2019,4.7214,4.2054,4.2422
7/9/2019,4.7269,4.2191,4.2415
7/10/2019,4.7337,4.2171,4.2533
7/11/2019,4.7339,4.1997,4.26
7/12/2019,4.7317,4.2032,4.2588
7/15/2019,4.732,4.195,4.2702
7/16/2019,4.734,4.2129,4.2801
7/17/2019,4.7345,4.2201,4.2663
7/18/2019,4.7326,4.2139,4.2744
7/19/2019,4.7315,4.2103,4.28
7/22/2019,4.7231,4.2103,4.2861
7/23/2019,4.7204,4.2231,4.288
7/24/2019,4.7194,4.2368,4.2992
7/25/2019,4.7218,4.2434,4.2986
7/26/2019,4.7273,4.2407,4.2779
7/29/2019,4.7278,4.2493,4.2873
7/30/2019,4.7301,4.2441,4.2847
7/31/2019,4.7336,4.2469,4.2861
8/1/2019,4.7317,4.2858,4.3072
8/2/2019,4.734,4.2647,4.3251
8/5/2019,4.7334,4.2454,4.3556
8/6/2019,4.7311,4.225,4.3355
8/7/2019,4.7309,4.2308,4.3214
8/8/2019,4.7307,4.2197,4.3268
8/9/2019,4.7273,4.2184,4.3376
8/12/2019,4.7265,4.2265,4.3428
8/13/2019,4.727,4.2173,4.3543
8/14/2019,4.7216,4.2238,4.3355
8/16/2019,4.7274,4.2656,4.3506
8/19/2019,4.7284,4.2575,4.3494
8/20/2019,4.7305,4.2682,4.3593
8/21/2019,4.7274,4.2601,4.346
8/22/2019,4.726,4.2652,4.3396
8/23/2019,4.7216,4.2706,4.3268
8/26/2019,4.7251,4.2521,4.3395
8/27/2019,4.7322,4.2606,4.3477
8/28/2019,4.7305,4.2638,4.3425
8/29/2019,4.7277,4.2688,4.3403
8/30/2019,4.7294,4.2827,4.3323
9/2/2019,4.723,4.3089,4.3452
9/3/2019,4.7273,4.3195,4.3644
9/4/2019,4.7272,4.2926,4.3571
9/5/2019,4.73,4.2827,4.3596
9/6/2019,4.7332,4.2908,4.3338
9/9/2019,4.732,4.2862,4.3296
9/10/2019,4.7318,4.2843,4.3282
9/11/2019,4.734,4.2933,4.3231
9/12/2019,4.7363,4.2946,4.3363
9/13/2019,4.7354,4.2654,4.3212
9/16/2019,4.734,4.2803,4.3235
9/17/2019,4.7352,4.2979,4.3226
9/18/2019,4.7354,4.2876,4.3067
9/19/2019,4.7415,4.2846,4.3236
9/20/2019,4.7432,4.2921,4.3319
9/23/2019,4.7491,4.3248,4.3658
9/24/2019,4.7485,4.3174,4.3634
9/25/2019,4.7439,4.3132,4.3757
9/26/2019,4.746,4.3418,4.3667
9/27/2019,4.7505,4.3479,4.3806
9/30/2019,4.7511,4.3488,4.3759
10/1/2019,4.7512,4.3605,4.3555
10/2/2019,4.7499,4.3519,4.3519
10/3/2019,4.7483,4.3361,4.3318
10/4/2019,4.7483,4.3241,4.3441
10/7/2019,4.7472,4.3268,4.3542
10/8/2019,4.7479,4.3212,4.3565
10/9/2019,4.7502,4.3252,4.3526
10/10/2019,4.7498,4.3074,4.3427
10/11/2019,4.7582,4.3186,4.3262
10/14/2019,4.7536,4.3072,4.3279
10/15/2019,4.7524,4.3164,4.3241
10/16/2019,4.7537,4.3082,4.3166
10/17/2019,4.755,4.2719,4.3002
10/18/2019,4.7556,4.2732,4.3243
10/21/2019,4.7592,4.2607,4.326
10/22/2019,4.7601,4.2726,4.3205
10/23/2019,4.76,4.2821,4.3275
10/24/2019,4.7528,4.2708,4.3115
10/25/2019,4.7563,4.2784,4.3151
10/28/2019,4.7569,4.2876,4.309
10/29/2019,4.7567,4.2927,4.3111
10/30/2019,4.7572,4.2765,4.312
10/31/2019,4.7576,4.2614,4.3163
11/1/2019,4.7545,4.267,4.3217
11/4/2019,4.755,4.26,4.3104
11/5/2019,4.754,4.2742,4.3138
11/6/2019,4.7626,4.2949,4.3255
11/7/2019,4.7597,4.2932,4.3288
11/8/2019,4.7615,4.3137,4.3304
11/11/2019,4.7627,4.3164,4.3386
11/12/2019,4.7619,4.3202,4.341
11/13/2019,4.7635,4.3251,4.3682
11/14/2019,4.7669,4.3343,4.3832
11/15/2019,4.7667,4.3224,4.3685
11/18/2019,4.7729,4.3159,4.3586
11/19/2019,4.7759,4.3145,4.3522
11/20/2019,4.7776,4.3172,4.3546
11/21/2019,4.7808,4.3144,4.3531
11/22/2019,4.7729,4.316,4.3412
11/25/2019,4.7722,4.3325,4.3441
11/26/2019,4.7765,4.3356,4.3472
11/27/2019,4.7792,4.3422,4.3505
11/28/2019,4.7788,4.3394,4.3461
11/29/2019,4.7781,4.3425,4.3443
12/2/2019,4.7777,4.3378,4.34
12/3/2019,4.7762,4.3143,4.3584
12/4/2019,4.7744,4.3117,4.362
12/5/2019,4.7764,4.3067,4.3562
12/6/2019,4.7785,4.3069,4.3582
12/9/2019,4.7777,4.3149,4.359
12/10/2019,4.7787,4.3149,4.3771
12/11/2019,4.7794,4.3124,4.3785
12/12/2019,4.7791,4.2931,4.3703
12/13/2019,4.7786,4.2746,4.3448
12/16/2019,4.7781,4.2878,4.3622
12/17/2019,4.7769,4.2831,4.3607
12/18/2019,4.7773,4.2911,4.3786
12/19/2019,4.774,4.288,4.3734
12/20/2019,4.7736,4.2951,4.3797
12/23/2019,4.7716,4.3036,4.3883
12/24/2019,4.7794,4.3168,4.3942
12/27/2019,4.7799,4.29,4.3919
12/30/2019,4.7785,4.2698,4.39
12/31/2019,4.7793,4.2608,4.4033
1/3/2020,4.7789,4.2922,4.4084
1/6/2020,4.776,4.2658,4.4033
1/7/2020,4.775,4.2741,4.3995
1/8/2020,4.7776,4.2923,4.4161
1/9/2020,4.7774,4.3001,4.416
1/10/2020,4.7795,4.3088,4.4175
1/13/2020,4.7791,4.2993,4.4192
1/14/2020,4.7794,4.2928,4.4309
1/15/2020,4.7798,4.2932,4.4445
1/16/2020,4.7795,4.2831,4.4492
1/17/2020,4.7792,4.2976,4.4485
1/20/2020,4.7788,4.3105,4.4485
1/21/2020,4.779,4.3042,4.4503
1/22/2020,4.7786,4.3095,4.4378
1/23/2020,4.779,4.3101,4.4487
1/27/2020,4.7798,4.3348,4.4707
1/28/2020,4.7787,4.3378,4.4767
1/29/2020,4.7769,4.3418,4.4536
1/30/2020,4.779,4.3384,4.4657
1/31/2020,4.7779,4.3309,4.4691
2/3/2020,4.7788,4.3181,4.4773
2/4/2020,4.7779,4.3227,4.4647
2/5/2020,4.7768,4.3347,4.4566
2/6/2020,4.7651,4.3311,4.4469
2/7/2020,4.7642,4.3499,4.4561
2/10/2020,4.7668,4.3528,4.4529
2/11/2020,4.7696,4.3692,4.4712
2/12/2020,4.7662,4.3661,4.4797
2/13/2020,4.7646,4.379,4.4812
2/14/2020,4.7694,4.4,4.484
2/17/2020,4.7748,4.4026,4.4844
2/18/2020,4.78,4.4131,4.4986
2/19/2020,4.7789,4.4241,4.4982
2/20/2020,4.7834,4.4307,4.5078
2/21/2020,4.8026,4.4462,4.5258
2/24/2020,4.8024,4.4395,4.5257
2/25/2020,4.8079,4.4355,4.5355
2/26/2020,4.8074,4.4186,4.5312
2/27/2020,4.8068,4.3926,4.5223
2/28/2020,4.8127,4.3601,4.5243
3/2/2020,4.8103,4.3389,4.5161
3/3/2020,4.8074,4.3263,4.5138
3/4/2020,4.8057,4.3126,4.5143
3/5/2020,4.8086,4.3072,4.517
3/6/2020,4.811,4.2534,4.5385
3/9/2020,4.8184,4.2182,4.5506
3/10/2020,4.817,4.2433,4.5424
3/11/2020,4.8167,4.2539,4.5447
3/12/2020,4.8157,4.2856,4.5662
3/13/2020,4.8174,4.3155,4.5643
3/16/2020,4.8242,4.3202,4.5699
3/17/2020,4.8448,4.388,4.5885
3/18/2020,4.8438,4.4027,4.5911
3/19/2020,4.844,4.4864,4.5934
3/20/2020,4.8444,4.514,4.5964
3/23/2020,4.8443,4.5316,4.5972
3/24/2020,4.8445,4.458,4.5789
3/25/2020,4.8367,4.4722,4.5573
3/26/2020,4.8345,4.4143,4.5454
3/27/2020,4.8332,4.389,4.5616
3/30/2020,4.8297,4.3637,4.5656
3/31/2020,4.8254,4.3983,4.5607
4/1/2020,4.8246,4.4133,4.5646
4/2/2020,4.8288,4.4163,4.5682
4/3/2020,4.8286,4.4674,4.5775
4/6/2020,4.828,4.4671,4.5696
4/7/2020,4.8314,4.4445,4.5663
4/8/2020,4.8338,4.4477,4.5796
4/9/2020,4.8278,4.4355,4.5746
4/10/2020,4.8277,4.4115,4.5706
4/13/2020,4.8297,4.4155,4.5708
4/14/2020,4.8327,4.415,4.5831
4/15/2020,4.8345,4.4215,4.5883
4/16/2020,4.836,4.4524,4.5981
4/21/2020,4.8345,4.4605,4.5979
4/22/2020,4.8382,4.4536,4.5971
4/23/2020,4.8414,4.4926,4.6058
4/24/2020,4.8412,4.4984,4.6047
4/27/2020,4.836,4.46,4.5828
4/28/2020,4.8436,4.452,4.5744
4/29/2020,4.8425,4.459,4.5833
4/30/2020,4.8421,4.4541,4.5838
5/4/2020,4.8387,4.424,4.588
5/5/2020,4.829,4.4515,4.5892
5/6/2020,4.8258,4.4708,4.5857
5/7/2020,4.8242,4.4695,4.5825
5/8/2020,4.8278,4.4545,4.5859
5/11/2020,4.8295,4.461,4.5901
5/12/2020,4.8297,4.4639,4.5925
5/13/2020,4.8349,4.4578,4.5939
5/14/2020,4.8376,4.4743,4.6004
5/15/2020,4.839,4.4768,4.6018
5/18/2020,4.8392,4.4783,4.6037
5/19/2020,4.8395,4.4192,4.5508
5/20/2020,4.8421,4.4218,4.5738
5/21/2020,4.8425,4.4163,4.5699
5/22/2020,4.8422,4.4424,4.5692
5/25/2020,4.8396,4.4406,4.5685
5/26/2020,4.8415,4.4172,4.5621
5/27/2020,4.8432,4.4053,4.5436
5/28/2020,4.8421,4.3983,4.5368
5/29/2020,4.8426,4.3517,4.5273
6/2/2020,4.8419,4.3293,4.5077
6/3/2020,4.8398,4.3112,4.4819
6/4/2020,4.8387,4.3203,4.5005
6/5/2020,4.8393,4.2695,4.4587
6/9/2020,4.8377,4.2935,4.5008
6/10/2020,4.8338,4.2555,4.4951
6/11/2020,4.8358,4.2483,4.5129
6/12/2020,4.834,4.2713,4.5104
6/15/2020,4.8337,4.2959,4.5171
6/16/2020,4.836,4.2689,4.5059
6/17/2020,4.835,4.3049,4.5291
6/18/2020,4.8394,4.2998,4.5311
6/19/2020,4.8421,4.3181,4.5383
6/22/2020,4.8415,4.3162,4.5432
6/23/2020,4.8428,4.2916,4.5381
6/24/2020,4.8432,4.286,4.5355
6/25/2020,4.8422,4.3126,4.5477
6/26/2020,4.8421,4.3141,4.5515
6/29/2020,4.8439,4.2988,4.5446
6/30/2020,4.8423,4.3233,4.5393
7/1/2020,4.8372,4.3114,4.549
7/2/2020,4.8319,4.2813,4.5376
7/3/2020,4.8378,4.3085,4.5522
7/6/2020,4.8365,4.2843,4.5467
7/7/2020,4.8397,4.2964,4.5479
7/8/2020,4.8406,4.2942,4.5591
7/9/2020,4.8408,4.2716,4.5537
7/10/2020,4.8418,4.2893,4.5555
7/13/2020,4.8423,4.2788,4.5427
7/14/2020,4.843,4.2615,4.537
7/15/2020,4.8433,4.2377,4.5111
7/16/2020,4.8429,4.2521,4.4975
7/17/2020,4.8428,4.243,4.5014
7/20/2020,4.8427,4.2274,4.4992
7/21/2020,4.8417,4.2317,4.5092
7/22/2020,4.8401,4.1942,4.4909
7/23/2020,4.8353,4.1734,4.4994
7/24/2020,4.834,4.1662,4.5043
7/27/2020,4.8276,4.1251,4.4812
7/28/2020,4.8335,4.1189,4.4819
7/29/2020,4.8342,4.1151,4.4925
7/30/2020,4.8321,4.1089,4.4952
7/31/2020,4.8316,4.078,4.4876
8/3/2020,4.8351,4.1131,4.4859
8/4/2020,4.8341,4.0976,4.4795
8/5/2020,4.8336,4.0757,4.4832
8/6/2020,4.8359,4.0751,4.4904
8/7/2020,4.8375,4.0949,4.4794
8/10/2020,4.8359,4.1129,4.4883
8/11/2020,4.8347,4.1033,4.4909
8/12/2020,4.8357,4.1087,4.4964
8/13/2020,4.8344,4.0836,4.4894
8/14/2020,4.8358,4.102,4.4986
8/17/2020,4.8344,4.079,4.4957
8/18/2020,4.8349,4.0606,4.4844
8/19/2020,4.839,4.055,4.4897
8/20/2020,4.8396,4.0882,4.4838
8/21/2020,4.84,4.0963,4.5
8/24/2020,4.8402,4.089,4.4973
8/25/2020,4.8392,4.0915,4.5001
8/26/2020,4.8404,4.0968,4.5042
8/27/2020,4.8424,4.0959,4.5069
8/28/2020,4.8387,4.0672,4.5001
8/31/2020,4.8404,4.0631,4.4918
9/1/2020,4.8393,4.0395,4.4703
9/2/2020,4.8409,4.079,4.4784
9/3/2020,4.8442,4.094,4.4952
9/4/2020,4.8492,4.0915,4.494
9/7/2020,4.8552,4.1033,4.4899
9/8/2020,4.8545,4.1136,4.4765
9/9/2020,4.859,4.1269,4.4972
9/10/2020,4.8573,4.1038,4.5136
9/11/2020,4.8567,4.09,4.5042
9/14/2020,4.8573,4.0974,4.5086
9/15/2020,4.8567,4.0866,4.5068
9/16/2020,4.8586,4.0908,4.5156
9/17/2020,4.8595,4.1198,4.5228
9/18/2020,4.8582,4.0972,4.5132
9/21/2020,4.8583,4.1224,4.5057
9/22/2020,4.859,4.1404,4.5183
9/23/2020,4.8641,4.1529,4.5153
9/24/2020,4.8722,4.1883,4.5207
9/25/2020,4.875,4.1874,4.5137
9/28/2020,4.8705,4.1828,4.5108
9/29/2020,4.8738,4.1678,4.5176
9/30/2020,4.8698,4.1617,4.5043
10/1/2020,4.8721,4.1498,4.5231
10/2/2020,4.8718,4.1551,4.5143
10/5/2020,4.8695,4.1414,4.5226
10/6/2020,4.8742,4.1366,4.5234
10/7/2020,4.8729,4.1438,4.5163
10/8/2020,4.8741,4.1468,4.5174
10/9/2020,4.872,4.1304,4.5214
10/12/2020,4.8718,4.129,4.5287
10/13/2020,4.8739,4.1345,4.5387
10/14/2020,4.8734,4.1566,4.5391
10/15/2020,4.8736,4.1619,4.5503
10/16/2020,4.8737,4.1622,4.5483
10/19/2020,4.8746,4.1456,4.5464
10/20/2020,4.8738,4.1289,4.5467
10/21/2020,4.8737,4.1135,4.5487
10/22/2020,4.873,4.1185,4.5396
10/23/2020,4.8744,4.1145,4.5485
10/26/2020,4.8731,4.1224,4.5473
10/27/2020,4.8741,4.1264,4.5376
10/28/2020,4.8746,4.1525,4.5548
10/29/2020,4.8747,4.1588,4.5641
10/30/2020,4.8743,4.1768,4.5595
11/2/2020,4.8643,4.1781,4.551
11/3/2020,4.8675,4.1619,4.5427
11/4/2020,4.8672,4.1637,4.5582
11/5/2020,4.8657,4.121,4.5417
11/6/2020,4.8668,4.0994,4.5503
11/9/2020,4.8674,4.0987,4.5543
11/10/2020,4.8667,4.1306,4.5022
11/11/2020,4.8678,4.1316,4.4999
11/12/2020,4.8686,4.1221,4.5078
11/13/2020,4.869,4.1184,4.5031
11/16/2020,4.8715,4.1132,4.5106
11/17/2020,4.8729,4.1042,4.5088
11/18/2020,4.8725,4.1033,4.5089
11/19/2020,4.8729,4.1193,4.5113
11/20/2020,4.873,4.1103,4.5072
11/23/2020,4.8732,4.1013,4.507
11/24/2020,4.8703,4.098,4.4902
11/25/2020,4.873,4.0969,4.4927
11/26/2020,4.8738,4.0922,4.5042
11/27/2020,4.8735,4.0875,4.5081
12/2/2020,4.8721,4.0434,4.4931
12/3/2020,4.8736,4.0226,4.5028
12/4/2020,4.8725,4.0024,4.4931
12/7/2020,4.8733,4.0252,4.5134
12/8/2020,4.8735,4.0212,4.5173
12/9/2020,4.868,4.0155,4.5181
12/10/2020,4.8692,4.0245,4.5284
12/11/2020,4.8693,4.0156,4.5176
12/14/2020,4.873,4.0112,4.524
12/15/2020,4.8686,4.0039,4.517
12/16/2020,4.8684,3.9889,4.5184
12/17/2020,4.8697,3.9827,4.5063
12/18/2020,4.8677,3.9715,4.4969
12/21/2020,4.8663,4.0068,4.499
12/22/2020,4.8649,3.9774,4.4919
12/23/2020,4.8705,3.9971,4.4941
12/24/2020,4.872,3.9944,4.4972
12/28/2020,4.8735,3.9904,4.4808
12/29/2020,4.8743,3.9797,4.4926
12/30/2020,4.8744,3.971,4.4948
12/31/2020,4.8694,3.966,4.4997
1/4/2021,4.8691,3.9609,4.5036
1/5/2021,4.871,3.9661,4.5029
1/6/2021,4.87,3.9468,4.504
1/7/2021,4.8701,3.9758,4.4971
1/8/2021,4.8704,3.9791,4.4915
1/11/2021,4.8709,4.0044,4.4964
1/12/2021,4.8715,4.0088,4.5038
1/13/2021,4.8738,4.0025,4.5059
1/14/2021,4.8728,4.0058,4.51
1/15/2021,4.8737,4.0172,4.5274
1/18/2021,4.874,4.0405,4.5329
1/19/2021,4.8742,4.0186,4.5297
1/20/2021,4.8741,4.0207,4.5221
1/21/2021,4.8738,4.0148,4.5251
1/22/2021,4.874,4.0034,4.5255
1/25/2021,4.8744,4.0105,4.5228
1/26/2021,4.8746,4.0195,4.519
1/27/2021,4.8745,4.0189,4.5279
1/28/2021,4.8742,4.0233,4.5217
1/29/2021,4.8743,4.0209,4.5231
2/1/2021,4.8728,4.0346,4.5066
2/2/2021,4.8739,4.0483,4.5097
2/3/2021,4.8713,4.0532,4.5075
2/4/2021,4.8742,4.0639,4.5069
2/5/2021,4.8744,4.07,4.5081
2/8/2021,4.874,4.0514,4.4973
2/9/2021,4.8745,4.0247,4.5065
2/10/2021,4.8744,4.0205,4.5115
2/11/2021,4.8741,4.0194,4.5133
2/12/2021,4.8743,4.0259,4.5101
2/15/2021,4.8745,4.0179,4.5101
2/16/2021,4.8747,4.0073,4.5147
2/17/2021,4.8746,4.0403,4.5146
2/18/2021,4.8748,4.0399,4.5014
2/19/2021,4.8747,4.0151,4.493
2/22/2021,4.8746,4.0188,4.4703
2/23/2021,4.8745,4.0118,4.4579
2/24/2021,4.8743,4.01,4.4221
2/25/2021,4.8725,3.9845,4.4025
2/26/2021,4.8745,4.0209,4.4406
3/1/2021,4.8744,4.0456,4.4299
3/2/2021,4.8747,4.0535,4.4161
3/3/2021,4.8768,4.0341,4.4048
3/4/2021,4.8784,4.0503,4.388
3/5/2021,4.8831,4.0924,4.4065
3/8/2021,4.8838,4.1118,4.406
3/9/2021,4.8849,4.1036,4.407
3/10/2021,4.8863,4.1084,4.4146
3/11/2021,4.8854,4.0832,4.4142
3/12/2021,4.8854,4.0985,4.4038
3/15/2021,4.8846,4.0942,4.4079
3/16/2021,4.8861,4.0908,4.4248
3/17/2021,4.8879,4.1042,4.4305
3/18/2021,4.8876,4.0931,4.4206
3/19/2021,4.8858,4.1067,4.4229
3/22/2021,4.885,4.1026,4.4274
3/23/2021,4.8888,4.1136,4.4257
3/24/2021,4.8886,4.1348,4.4191
3/25/2021,4.8864,4.1361,4.4223
3/26/2021,4.8869,4.1472,4.412
3/29/2021,4.8972,4.157,4.4321
3/30/2021,4.9156,4.1876,4.4447
3/31/2021,4.9251,4.1969,4.4513
4/1/2021,4.9117,4.1836,4.4216
4/2/2021,4.9106,4.1684,4.4304
4/5/2021,4.9161,4.1871,4.4393
4/6/2021,4.917,4.1629,4.4347
4/7/2021,4.9168,4.1372,4.4524
4/8/2021,4.9228,4.1478,4.4653
4/9/2021,4.9212,4.1382,4.4671
4/12/2021,4.9205,4.1335,4.4728
4/13/2021,4.9225,4.1367,4.472
4/14/2021,4.9226,4.118,4.4688
4/15/2021,4.9245,4.1111,4.456
4/16/2021,4.9243,4.112,4.473
4/19/2021,4.9261,4.0937,4.4797
4/20/2021,4.9279,4.0872,4.4613
4/21/2021,4.926,4.1031,4.4735
4/22/2021,4.9255,4.0911,4.4662
4/23/2021,4.9257,4.0852,4.4639
4/26/2021,4.9238,4.0694,4.4521
4/27/2021,4.926,4.0837,4.4646
4/28/2021,4.927,4.0827,4.4586
4/29/2021,4.9247,4.0621,4.4687
5/4/2021,4.9256,4.1011,4.4825
5/5/2021,4.9254,4.1035,4.4827
5/6/2021,4.9266,4.0881,4.4961
5/7/2021,4.9262,4.08,4.4941
5/10/2021,4.9259,4.0492,4.4955
5/11/2021,4.9265,4.0491,4.4882
5/12/2021,4.9263,4.0599,4.4905
5/13/2021,4.9265,4.0823,4.4948
5/14/2021,4.9253,4.0683,4.499
5/17/2021,4.9256,4.0527,4.4985
5/18/2021,4.9268,4.0326,4.4926
5/19/2021,4.9267,4.0341,4.4778
5/20/2021,4.9265,4.0426,4.4837
5/21/2021,4.9268,4.0281,4.4942
5/24/2021,4.9261,4.0356,4.4944
5/25/2021,4.9246,4.0189,4.4953
5/26/2021,4.9225,4.02,4.4919
5/27/2021,4.916,4.0325,4.4856
5/28/2021,4.919,4.0373,4.4896
5/31/2021,4.9198,4.0361,4.4854
6/2/2021,4.9197,4.04,4.4808
6/3/2021,4.9227,4.0381,4.4872
6/4/2021,4.9228,4.0636,4.4939
6/7/2021,4.923,4.048,4.501
6/8/2021,4.9229,4.0446,4.5075
6/9/2021,4.9232,4.0392,4.509
6/10/2021,4.9218,4.0459,4.5131
6/11/2021,4.9202,4.0467,4.515
6/14/2021,4.9188,4.0604,4.5162
6/15/2021,4.9243,4.0623,4.5208
6/16/2021,4.9241,4.062,4.5194
6/17/2021,4.9242,4.1226,4.5075
6/18/2021,4.925,4.134,4.4992
6/22/2021,4.9253,4.1431,4.5003
6/23/2021,4.9259,4.1259,4.493
6/24/2021,4.9242,4.1233,4.489
6/25/2021,4.9254,4.1241,4.4985
6/28/2021,4.926,4.1256,4.4931
6/29/2021,4.9262,4.1357,4.4949
6/30/2021,4.9267,4.1425,4.4913
7/1/2021,4.9261,4.1555,4.4887
7/2/2021,4.9269,4.166,4.496
7/5/2021,4.9266,4.1484,4.5047
7/6/2021,4.9265,4.1619,4.5051
7/7/2021,4.927,4.1655,4.5138
7/8/2021,4.9268,4.164,4.5392
7/9/2021,4.9281,4.1596,4.5468
7/12/2021,4.9275,4.1566,4.5388
7/13/2021,4.9278,4.1625,4.5428
7/14/2021,4.9283,4.1792,4.5475
7/15/2021,4.9277,4.1607,4.5593
7/16/2021,4.9274,4.1687,4.5366
7/19/2021,4.9262,4.1824,4.5405
7/20/2021,4.9253,4.1736,4.5497
7/21/2021,4.9247,4.1843,4.5374
7/22/2021,4.9241,4.174,4.5474
7/23/2021,4.9219,4.1823,4.5428
7/26/2021,4.9208,4.1716,4.5451
7/27/2021,4.9194,4.1766,4.5481
7/28/2021,4.9197,4.1624,4.5538
7/29/2021,4.9209,4.1443,4.5608
7/30/2021,4.9198,4.1348,4.5704
8/2/2021,4.9171,4.1348,4.5687
8/3/2021,4.9183,4.1388,4.5775
8/4/2021,4.9184,4.1486,4.5849
8/5/2021,4.9176,4.1551,4.582
8/6/2021,4.9145,4.1617,4.5827
8/9/2021,4.9131,4.1783,4.5591
8/10/2021,4.9161,4.1928,4.5496
8/11/2021,4.9158,4.1972,4.5437
8/12/2021,4.9148,4.1849,4.5404
8/13/2021,4.9118,4.1811,4.5347
8/16/2021,4.912,4.1685,4.5612
8/17/2021,4.9232,4.1809,4.5898
8/18/2021,4.9259,4.2021,4.6017
8/19/2021,4.9278,4.2143,4.6
8/20/2021,4.9338,4.2258,4.6037
8/23/2021,4.9335,4.2079,4.5895
8/24/2021,4.9286,4.2001,4.6047
8/25/2021,4.9284,4.1938,4.5916
8/26/2021,4.9306,4.1898,4.5724
8/27/2021,4.9334,4.197,4.5728
8/30/2021,4.9349,4.1837,4.5734
8/31/2021,4.9348,4.1741,4.568
9/1/2021,4.9345,4.1756,4.5549
9/2/2021,4.9386,4.1672,4.5498
9/3/2021,4.9416,4.1633,4.5526
9/6/2021,4.9475,4.1718,4.5534
9/7/2021,4.9488,4.1693,4.5601
9/8/2021,4.9479,4.1882,4.5483
9/9/2021,4.9482,4.1824,4.5494
9/10/2021,4.9432,4.1754,4.5595
9/13/2021,4.9444,4.1944,4.5497
9/14/2021,4.9475,4.1877,4.5425
9/15/2021,4.9481,4.1843,4.5619
9/16/2021,4.9482,4.2041,4.5494
9/17/2021,4.9473,4.1999,4.5309
9/20/2021,4.9481,4.2275,4.5341
9/21/2021,4.9485,4.2171,4.5589
9/22/2021,4.9495,4.2188,4.5738
9/23/2021,4.949,4.2218,4.564
9/24/2021,4.9491,4.2167,4.57
9/27/2021,4.9488,4.2297,4.5605
9/28/2021,4.9481,4.2382,4.567
9/29/2021,4.948,4.2432,4.5665
9/30/2021,4.9471,4.2653,4.5627
10/1/2021,4.9479,4.2728,4.5833
10/4/2021,4.9469,4.2609,4.5866
10/5/2021,4.9485,4.2659,4.603
10/6/2021,4.9483,4.2859,4.6084
10/7/2021,4.9475,4.2793,4.6163
10/8/2021,4.947,4.2763,4.6042
10/11/2021,4.9486,4.283,4.6147
10/12/2021,4.9485,4.2811,4.6172
10/13/2021,4.949,4.2828,4.6147
10/14/2021,4.9488,4.2627,4.6305
10/15/2021,4.9484,4.2646,4.6171
10/18/2021,4.9481,4.2724,4.6125
10/19/2021,4.949,4.2444,4.619
10/20/2021,4.9488,4.257,4.6067
10/21/2021,4.947,4.2484,4.6231
10/22/2021,4.9467,4.2501,4.6354
10/25/2021,4.9472,4.256,4.6294
10/26/2021,4.9476,4.2587,4.628
10/27/2021,4.9486,4.2693,4.6485
10/28/2021,4.949,4.2715,4.648
10/29/2021,4.9489,4.2471,4.6615
11/1/2021,4.9488,4.2769,4.6751
11/2/2021,4.9487,4.265,4.6767
11/3/2021,4.949,4.2704,4.6886
11/4/2021,4.9486,4.2852,4.6904
11/5/2021,4.9485,4.2904,4.6819
11/8/2021,4.9489,4.2772,4.6761
11/9/2021,4.9482,4.2688,4.6758
11/10/2021,4.949,4.2758,4.6863
11/11/2021,4.9489,4.3175,4.6916
11/12/2021,4.9476,4.3235,4.685
11/15/2021,4.9489,4.3218,4.6987
11/16/2021,4.9487,4.3568,4.6936
11/17/2021,4.9491,4.3747,4.7016
11/18/2021,4.9488,4.3642,4.7089
11/19/2021,4.949,4.3793,4.7253
11/22/2021,4.9491,4.3863,4.7222
11/23/2021,4.9487,4.3957,4.72
11/24/2021,4.9491,4.4127,4.7159
11/25/2021,4.949,4.4097,4.7253
11/26/2021,4.9491,4.3869,4.7398
11/29/2021,4.949,4.3853,4.7366
12/2/2021,4.949,4.3688,4.7466
12/3/2021,4.9487,4.3767,4.7595
12/6/2021,4.9483,4.3786,4.75
12/7/2021,4.9485,4.3946,4.755
12/8/2021,4.9488,4.382,4.7448
12/9/2021,4.9491,4.3743,4.7448
12/10/2021,4.949,4.3923,4.7488
12/13/2021,4.9491,4.3933,4.7526
12/14/2021,4.9492,4.3734,4.7572
12/15/2021,4.9489,4.3937,4.751
12/16/2021,4.9491,4.3793,4.7348
12/17/2021,4.9492,4.3703,4.7595
12/20/2021,4.9488,4.3917,4.7537
12/21/2021,4.9491,4.3821,4.759
12/22/2021,4.9489,4.3815,4.7456
12/23/2021,4.9488,4.3677,4.7496
12/24/2021,4.949,4.3655,4.7589
12/27/2021,4.9492,4.3725,4.7604
12/28/2021,4.9491,4.3683,4.7668
12/29/2021,4.949,4.3849,4.7722
12/30/2021,4.9486,4.3735,4.7713
12/31/2021,4.9481,4.3707,4.7884
